property_id,url,title,neighborhood,price,sqm,price_per_sqm,energy_class,rooms,source_dataset,value_score,value_rating,energy_efficiency_score,size_score,location_score,overall_investment_score,investment_category
445db2230a3b,https://www.spitogatos.gr/en/property/1117370494,"Sale, Apartment, 100m² Patision - Acharnon, Plateia Amerikis | 17370494 | Spitogatos",Syntagma,115000.0,100.0,1150.0,A,2,Parallel Batch Results,Excellent,5,5,4,5,4.8,Premium Opportunity
3275a189501c,https://www.spitogatos.gr/en/property/1116584022,"Sale, Apartment, 67m² Athens - Center, Kipseli | 16584022 | Spitogatos",Exarchia,130000.0,67.0,1940.2985074626865,B,1,Proven Collector Results,Excellent,5,4,5,4,4.5,Premium Opportunity
4b47b8e6b0bd,https://www.spitogatos.gr/en/property/1117993861,"Sale, Apartment, 47m² Athens - Center, Gazi - Metaxourgio - Votanikos | 17993861 | Spitogatos",Exarchia,80000.0,47.0,1702.127659574468,B,1,Scalable Collector Results,Excellent,5,4,5,4,4.5,Premium Opportunity
a42ac91f7a7f,https://www.spitogatos.gr/en/property/1115110584,"Sale, Apartment, 102m² Patision - Acharnon, Plateia Amerikis | 15110584 | Spitogatos",Exarchia,160000.0,102.0,1568.6274509803923,A,1,Parallel Batch Results,Excellent,5,5,4,4,4.5,Premium Opportunity
85d9e81677ad,https://www.spitogatos.gr/en/property/1116801043,"Sale, Apartment, 71m² Attiki, Platia Attikis | 16801043 | Spitogatos",Syntagma,140000.0,71.0,1971.8309859154929,D,2,Scalable Collector Results,Excellent,5,2,5,5,4.4,Premium Opportunity
36093eb9d3c4,https://www.spitogatos.gr/en/property/1117081187,"Sale, Apartment, 63m² Ampelokipoi - Pentagon, Erithros | 17081187 | Spitogatos",Syntagma,180000.0,63.0,2857.1428571428573,A,2,Parallel Batch Results,Good,3,5,5,5,4.4,Premium Opportunity
18bdf7231160,https://www.spitogatos.gr/en/property/1117447571,"Sale, Apartment, 71m² Attiki, Platia Attikis | 17447571 | Spitogatos",Exarchia,130000.0,71.0,1830.9859154929577,C,1,Parallel Batch Results,Excellent,5,3,5,4,4.3,Premium Opportunity
df94109df5ed,https://www.spitogatos.gr/en/property/1117980770,"Sale, Apartment, 62m² Gizi - Pedion Areos, Lofos Finopoulou | 17980770 | Spitogatos",Exarchia,120000.0,62.0,1935.483870967742,C,1,Scalable Collector Results,Excellent,5,3,5,4,4.3,Premium Opportunity
ff2e8f878f52,https://www.spitogatos.gr/en/property/1116810667,"Sale, Apartment, 95m² Athens - Center, Patision - Acharnon | 16810667 | Spitogatos",Syntagma,220000.0,95.0,2315.7894736842104,B,1,Scalable Collector Results,Very Good,4,4,4,5,4.3,Premium Opportunity
c0f43c2fdcc0,https://www.spitogatos.gr/en/property/1117677094,"Sale, Apartment, 58m² Neos Kosmos, Center | 17677094 | Spitogatos",Exarchia,100000.0,58.0,1724.1379310344828,C,1,Scalable Collector Results,Excellent,5,3,5,4,4.3,Premium Opportunity
b9752605172b,https://www.spitogatos.gr/en/property/1116800081,"Sale, Apartment, 68m² Athens - Center, Pagkrati | 16800081 | Spitogatos",Syntagma,143000.0,68.0,2102.9411764705883,C,2,Scalable Collector Results,Very Good,4,3,5,5,4.3,Premium Opportunity
19664d840c2e,https://www.spitogatos.gr/en/property/1117999007,"Sale, Apartment, 48m² Athens - Center, Attiki | 17999007 | Spitogatos",Exarchia,84000.0,48.0,1750.0,C,1,Scalable Collector Results,Excellent,5,3,5,4,4.3,Premium Opportunity
e34ead2902e4,https://www.spitogatos.gr/en/property/1118027188,"Sale, Apartment, 71m² Athens - Center, Sepolia - Skouze | 18027188 | Spitogatos",Exarchia,99000.0,71.0,1394.3661971830986,C,2,Parallel Batch Results,Excellent,5,3,5,4,4.3,Premium Opportunity
0c2db8cb8ddd,https://www.spitogatos.gr/en/property/1117858511,"Sale, Apartment, 50m² Athens - Center, Ano Patisia | 17858511 | Spitogatos",Exarchia,120000.0,50.0,2400.0,B,1,Scalable Collector Results,Very Good,4,4,5,4,4.2,Premium Opportunity
25ff42604909,https://www.spitogatos.gr/en/property/1117949105,"Sale, Apartment, 65m² Athens - Center, Neos Kosmos | 17949105 | Spitogatos",Exarchia,150000.0,65.0,2307.6923076923076,B,1,Scalable Collector Results,Very Good,4,4,5,4,4.2,Premium Opportunity
9abcb18a0766,https://www.spitogatos.gr/en/property/1117940544,"Sale, Apartment, 88m² Patision - Acharnon, Ag. Meletiou - Viktorias Sq. - Marni | 17940544 | Spitogatos",Exarchia,199000.0,88.0,2261.3636363636365,A,2,Scalable Collector Results,Very Good,4,5,4,4,4.2,Premium Opportunity
5b9ae1bade49,https://www.spitogatos.gr/en/property/1116865600,"Sale, Apartment, 88m² Athens - Center, Patision - Acharnon | 16865600 | Spitogatos",Athens Center,135000.0,88.0,1534.090909090909,A,3,Original Base Dataset,Excellent,5,5,4,3,4.199999999999999,Premium Opportunity
033c26903bb9,https://www.spitogatos.gr/en/property/1117789231,"Sale, Apartment, 72m² Pagkrati, Agios Artemios | 17789231 | Spitogatos",Athens Center,140000.0,72.0,1944.4444444444443,B,1,Original Base Dataset,Excellent,5,4,5,3,4.199999999999999,Premium Opportunity
a40b31baf4a1,https://www.spitogatos.gr/en/property/1117955198,"Sale, Apartment, 96m² Patision - Acharnon, Kato Patisia | 17955198 | Spitogatos",Exarchia,160000.0,96.0,1666.6666666666667,C,1,Parallel Batch Results,Excellent,5,3,4,4,4.1000000000000005,Premium Opportunity
ba5eca93fa8f,https://www.spitogatos.gr/en/property/1117726813,"Sale, Apartment, 50m² Patision - Acharnon, Kato Patisia | 17726813 | Spitogatos",Athens Center,115000.0,50.0,2300.0,A,1,Original Base Dataset,Very Good,4,5,5,3,4.1,Premium Opportunity
2108ff54198d,https://www.spitogatos.gr/en/property/1117483426,"Sale, Apartment, 69m² Attiki, Platia Attikis | 17483426 | Spitogatos",Exarchia,120000.0,69.0,1739.1304347826087,D,1,Proven Collector Results,Excellent,5,2,5,4,4.1,Premium Opportunity
27da9f8bb2b2,https://www.spitogatos.gr/en/property/1117819845,"Sale, Apartment, 70m² Agios Eleftherios - Probona - Rizoupoli, Agios Eleftherios | 17819845 | Spitogatos",Exarchia,115000.0,70.0,1642.857142857143,D,2,Scalable Collector Results,Excellent,5,2,5,4,4.1,Premium Opportunity
cce17f8271ec,https://www.spitogatos.gr/en/property/1117568805,"Sale, Apartment, 47m² Patisia, Plateia Koliatsou | 17568805 | Spitogatos",Exarchia,70000.0,47.0,1489.3617021276596,D,1,Scalable Collector Results,Excellent,5,2,5,4,4.1,Premium Opportunity
7b2f58d28686,https://www.spitogatos.gr/en/property/1118000663,"Sale, Apartment, 75m² Athens - Center, Patisia | 18000663 | Spitogatos",Exarchia,85000.0,75.0,1133.3333333333333,D,1,Parallel Batch Results,Excellent,5,2,5,4,4.1,Premium Opportunity
2f1920caa295,https://www.spitogatos.gr/en/property/1117915593,"Sale, Apartment, 69m² Ampelokipoi - Pentagon, Erithros | 17915593 | Spitogatos",Exarchia,160000.0,69.0,2318.840579710145,C,2,Scalable Collector Results,Very Good,4,3,5,4,4.0,Premium Opportunity
d7413b0cb597,https://www.spitogatos.gr/en/property/1116758246,"Sale, Apartment, 74m² Attiki, Leof. Liosion | 16758246 | Spitogatos",Exarchia,182000.0,74.0,2459.4594594594596,C,1,Scalable Collector Results,Very Good,4,3,5,4,4.0,Premium Opportunity
62e99c3ac6e6,https://www.spitogatos.gr/en/property/1117482663,"Sale, Apartment, 72m² Attiki, Leof. Liosion | 17482663 | Spitogatos",Exarchia,145000.0,72.0,2013.888888888889,C,1,Proven Collector Results,Very Good,4,3,5,4,4.0,Premium Opportunity
7d04a0ce55bf,https://www.spitogatos.gr/en/property/1116860307,"Sale, Apartment, 46m² Poligono - Tourkovounia, Tourkovounia | 16860307 | Spitogatos",Exarchia,110000.0,46.0,2391.304347826087,C,1,Parallel Batch Results,Very Good,4,3,5,4,4.0,Premium Opportunity
5fc26f9a1b8c,https://www.spitogatos.gr/en/property/1118028443,"Sale, Apartment, 120m² Athens - Center, Pagkrati | 18028443 | Spitogatos",Exarchia,135000.0,120.0,1125.0,D,1,Proven Collector Results,Excellent,5,2,4,4,3.9000000000000004,Excellent Investment
4f4c26eac660,https://www.spitogatos.gr/en/property/1118008551,"Sale, Apartment, 93m² Sepolia - Skouze, Sepolia | 18008551 | Spitogatos",Exarchia,125000.0,93.0,1344.0860215053763,D,1,Proven Collector Results,Excellent,5,2,4,4,3.9000000000000004,Excellent Investment
d0490143f30c,https://www.spitogatos.gr/en/property/1116687268,"Sale, Apartment, 144m² Kipseli, Ano Kipseli - Evelpidon | 16687268 | Spitogatos",Exarchia,235000.0,144.0,1631.9444444444443,C,1,Proven Collector Results,Excellent,5,3,3,4,3.9000000000000004,Excellent Investment
6bc53aecf3d4,https://www.spitogatos.gr/en/property/1117576850,"Sale, Apartment, 97m² Poligono - Tourkovounia, Poligono | 17576850 | Spitogatos",Exarchia,128000.0,97.0,1319.5876288659795,D,1,Scalable Collector Results,Excellent,5,2,4,4,3.9000000000000004,Excellent Investment
3288a3f65929,https://www.spitogatos.gr/en/property/1117955060,"Sale, Apartment, 83m² Kolonos - Kolokynthous, akadimia Platonos | 17955060 | Spitogatos",Exarchia,150000.0,83.0,1807.2289156626507,D,1,Parallel Batch Results,Excellent,5,2,4,4,3.9000000000000004,Excellent Investment
4e3c5e68bd99,https://www.spitogatos.gr/en/property/1115413421,"Sale, Apartment, 52m² Kipseli, Ano Kipseli - Evelpidon | 15413421 | Spitogatos",Exarchia,140000.0,52.0,2692.3076923076924,B,1,Parallel Batch Results,Good,3,4,5,4,3.9000000000000004,Excellent Investment
71a3fd3c2eae,https://www.spitogatos.gr/en/property/1117899201,"Sale, Apartment, 92m² Athens - Center, Pagkrati | 17899201 | Spitogatos",Exarchia,138000.0,92.0,1500.0,D,1,Parallel Batch Results,Excellent,5,2,4,4,3.9000000000000004,Excellent Investment
e732e83f62c5,https://www.spitogatos.gr/en/property/1118031391,"Sale, Apartment, 91m² Athens - Center, Patision - Acharnon | 18031391 | Spitogatos",Exarchia,95000.0,91.0,1043.956043956044,D,1,Parallel Batch Results,Excellent,5,2,4,4,3.9000000000000004,Excellent Investment
0042fd76d90c,https://www.spitogatos.gr/en/property/1117244783,"Sale, Apartment, 62m² Patision - Acharnon, Kato Patisia | 17244783 | Spitogatos",Athens Center,147000.0,62.0,2370.967741935484,B,1,Original Base Dataset,Very Good,4,4,5,3,3.9,Excellent Investment
479c37628fee,https://www.spitogatos.gr/en/property/1117495442,"Sale, Apartment, 52m² Athens - Center, Kipseli | 17495442 | Spitogatos",Kipseli,93000.0,52.0,1788.4615384615386,B,2,Original Base Dataset,Excellent,5,4,5,2,3.9,Excellent Investment
04dacb74e019,https://www.spitogatos.gr/en/property/1115531468,"Sale, Apartment, 110m² Patision - Acharnon, Kato Patisia | 15531468 | Spitogatos",Athens Center,230000.0,110.0,2090.909090909091,A,3,Original Base Dataset,Very Good,4,5,4,3,3.9,Excellent Investment
6972532cb8cb,https://www.spitogatos.gr/en/property/1117482555,"Sale, Apartment, 62m² Pagkrati, Pagkrati Center | 17482555 | Spitogatos",Exarchia,140000.0,62.0,2258.064516129032,D,1,Proven Collector Results,Very Good,4,2,5,4,3.8,Excellent Investment
bd560b9c2a8c,https://www.spitogatos.gr/en/property/1117952031,"Sale, Apartment, 78m² Athens - Center, Attiki | 17952031 | Spitogatos",Athens Center,120000.0,78.0,1538.4615384615386,D,2,Original Base Dataset,Excellent,5,2,5,3,3.8,Excellent Investment
68c234d603b9,https://www.spitogatos.gr/en/property/1118038090,"Sale, Apartment, 60m² Athens - Center, Ano Patisia | 18038090 | Spitogatos",Athens Center,115000.0,60.0,1916.6666666666667,D,1,Original Base Dataset,Excellent,5,2,5,3,3.8,Excellent Investment
e851c9c59566,https://www.spitogatos.gr/en/property/1117690666,"Sale, Apartment, 110m² Patision - Acharnon, Kato Patisia | 17690666 | Spitogatos",Exarchia,245000.0,110.0,2227.2727272727275,C,3,Proven Collector Results,Very Good,4,3,4,4,3.8,Excellent Investment
01875eb62167,https://www.spitogatos.gr/en/property/1117899750,"Sale, Apartment, 51m² Athens - Center, Patisia | 17899750 | Spitogatos",Athens Center,97000.0,51.0,1901.9607843137255,D,1,Original Base Dataset,Excellent,5,2,5,3,3.8,Excellent Investment
14727a7aa625,https://www.spitogatos.gr/en/property/1117534037,"Sale, Apartment, 63m² Attiki, Platia Attikis | 17534037 | Spitogatos",Athens Center,123000.0,63.0,1952.3809523809523,D,1,Original Base Dataset,Excellent,5,2,5,3,3.8,Excellent Investment
5e95fb6d85cc,https://www.spitogatos.gr/en/property/1117930833,"Sale, Studio, 47m² Kolonaki - Lykavittos, Kolonaki | 17930833 | Spitogatos",Kolonaki,355000.0,47.0,7553.191489361702,A,1,Original Base Dataset,Premium,1,5,5,5,3.8,Excellent Investment
9d0f71586f47,https://www.spitogatos.gr/en/property/1118047277,"Sale, Apartment, 73m² Patision - Acharnon, Ag. Meletiou - Viktorias Sq. - Marni | 18047277 | Spitogatos",Athens Center,115000.0,73.0,1575.3424657534247,D,3,Original Base Dataset,Excellent,5,2,5,3,3.8,Excellent Investment
1a57012dd0ca,https://www.spitogatos.gr/en/property/1117933932,"Sale, Apartment, 67m² Pagkrati, Profitis Ilias | 17933932 | Spitogatos",Athens Center,84000.0,67.0,1253.7313432835822,D,1,Original Base Dataset,Excellent,5,2,5,3,3.8,Excellent Investment
9937d5bb4240,https://www.spitogatos.gr/en/property/1117093450,"Sale, Apartment, 114m² Exarchia - Neapoli, Neapoli Exarcheion | 17093450 | Spitogatos",Exarchia,260000.0,114.0,2280.7017543859647,C,3,Original Base Dataset,Very Good,4,3,4,4,3.8,Excellent Investment
8c30b76bfa9e,https://www.spitogatos.gr/en/property/1117213970,"Sale, Apartment, 72m² Goudi, Agios Thomas | 17213970 | Spitogatos",Athens Center,114000.0,72.0,1583.3333333333333,D,1,Original Base Dataset,Excellent,5,2,5,3,3.8,Excellent Investment
79d4ea54b496,https://www.spitogatos.gr/en/property/1117570090,"Sale, Apartment, 45m² Patision - Acharnon, Agios Nikolaos | 17570090 | Spitogatos",Athens Center,45000.0,45.0,1000.0,D,1,Original Base Dataset,Excellent,5,2,5,3,3.8,Excellent Investment
5b4b563a4171,https://www.spitogatos.gr/en/property/1115811903,"Sale, Apartment, 100m² Ampelokipoi - Pentagon, Panormou | 15811903 | Spitogatos",Exarchia,247000.0,100.0,2470.0,C,3,Parallel Batch Results,Very Good,4,3,4,4,3.8,Excellent Investment
7896e36d19c4,https://www.spitogatos.gr/en/property/1117650071,"Sale, Apartment, 81m² Kipseli, Nea Kipseli | 17650071 | Spitogatos",Exarchia,195000.0,81.0,2407.4074074074074,C,2,Scalable Collector Results,Very Good,4,3,4,4,3.8,Excellent Investment
dba8dd8e561c,https://www.spitogatos.gr/en/property/1116684661,"Sale, Apartment, 74m² Patision - Acharnon, Plateia Amerikis | 16684661 | Spitogatos",Exarchia,160000.0,74.0,2162.162162162162,D,2,Scalable Collector Results,Very Good,4,2,5,4,3.8,Excellent Investment
6e8e63fec281,https://www.spitogatos.gr/en/property/1116810834,"Sale, Apartment, 100m² Sepolia - Skouze, Sepolia | 16810834 | Spitogatos",Syntagma,285000.0,100.0,2850.0,C,3,Parallel Batch Results,Good,3,3,4,5,3.8,Excellent Investment
67a253b165bb,https://www.spitogatos.gr/en/property/1115923811,"Sale, Apartment, 70m² Exarchia - Neapoli, Exarcheia | 15923811 | Spitogatos",Exarchia,160000.0,70.0,2285.714285714286,D,1,Parallel Batch Results,Very Good,4,2,5,4,3.8,Excellent Investment
df9864c0c6c3,https://www.spitogatos.gr/en/property/1117609823,"Sale, Apartment, 67m² Pagkrati, Profitis Ilias | 17609823 | Spitogatos",Exarchia,260000.0,67.0,3880.597014925373,A,1,Parallel Batch Results,Fair,2,5,5,4,3.8,Excellent Investment
0258654087bc,https://www.spitogatos.gr/en/property/1117336741,"Sale, Apartment, 74m² Patision - Acharnon, Ag. Meletiou - Viktorias Sq. - Marni | 17336741 | Spitogatos",Exarchia,181556.0,74.0,2453.4594594594596,D,1,Parallel Batch Results,Very Good,4,2,5,4,3.8,Excellent Investment
823d8bd2a74e,https://www.spitogatos.gr/en/property/1117293229,"Sale, Apartment, 56m² Ano Patisia, Platia Papadiamanti | 17293229 | Spitogatos",Exarchia,180000.0,56.0,3214.285714285714,A,1,Parallel Batch Results,Fair,2,5,5,4,3.8,Excellent Investment
27ebcb88c3a9,https://www.spitogatos.gr/en/property/1117188200,"Sale, Maisonette, 181m² Patision - Acharnon, Agios Nikolaos | 17188200 | Spitogatos",Exarchia,200000.0,181.0,1104.9723756906078,C,2,Proven Collector Results,Excellent,5,3,2,4,3.7,Excellent Investment
bfe64b440351,https://www.spitogatos.gr/en/property/1117849708,"Sale, Apartment, 138m² Gazi - Metaxourgio - Votanikos, Metaxourgeio | 17849708 | Spitogatos",Exarchia,275000.0,138.0,1992.7536231884058,D,3,Scalable Collector Results,Excellent,5,2,3,4,3.7,Excellent Investment
0408d841707b,https://www.spitogatos.gr/en/property/1118021782,"Sale, Apartment, 101m² Athens - Center, Exarchia - Neapoli | 18021782 | Spitogatos",Exarchia,285000.0,101.0,2821.7821782178216,B,1,Parallel Batch Results,Good,3,4,4,4,3.7,Excellent Investment
9df1d2a352d6,https://www.spitogatos.gr/en/property/1117906124,"Sale, Apartment, 65m² Neos Kosmos, Kinosargous | 17906124 | Spitogatos",Exarchia,190000.0,65.0,2923.076923076923,C,1,Parallel Batch Results,Good,3,3,5,4,3.7,Excellent Investment
730dcc902386,https://www.spitogatos.gr/en/property/1116729276,"Sale, Apartment, 111m² Ampelokipoi - Pentagon, Elinoroson | 16729276 | Spitogatos",Exarchia,275000.0,111.0,2477.4774774774774,D,1,Proven Collector Results,Very Good,4,2,4,4,3.6000000000000005,Excellent Investment
b7f693ef2102,https://www.spitogatos.gr/en/property/1116349160,"Sale, Apartment, 142m² Exarchia - Neapoli, Mouseio | 16349160 | Spitogatos",Exarchia,325000.0,142.0,2288.7323943661972,C,1,Proven Collector Results,Very Good,4,3,3,4,3.6000000000000005,Excellent Investment
24eb0bf47065,https://www.spitogatos.gr/en/property/1116740967,"Sale, Apartment, 105m² Exarchia - Neapoli, Neapoli Exarcheion | 16740967 | Spitogatos",Exarchia,225000.0,105.0,2142.8571428571427,D,1,Scalable Collector Results,Very Good,4,2,4,4,3.6000000000000005,Excellent Investment
e07a5a8e51a2,https://www.spitogatos.gr/en/property/1115970522,"Sale, Apartment, 30m² Patision - Acharnon, Kato Patisia | 15970522 | Spitogatos",Exarchia,65000.0,30.0,2166.6666666666665,C,1,Parallel Batch Results,Very Good,4,3,3,4,3.6000000000000005,Excellent Investment
42ea3f647341,https://www.spitogatos.gr/en/property/1117818215,"Sale, Apartment, 88m² Gizi - Pedion Areos, Lofos Finopoulou | 17818215 | Spitogatos",Athens Center,139000.0,88.0,1579.5454545454545,D,2,Original Base Dataset,Excellent,5,2,4,3,3.6,Excellent Investment
8b4267cf6b7b,https://www.spitogatos.gr/en/property/1116696975,"Sale, Studio, 36m² Poligono - Tourkovounia, Poligono | 16696975 | Spitogatos",Athens Center,58000.0,36.0,1611.111111111111,C,1,Original Base Dataset,Excellent,5,3,3,3,3.6,Excellent Investment
04287076c894,https://www.spitogatos.gr/en/property/1117768818,"Sale, Apartment, 52m² Agios Eleftherios - Probona - Rizoupoli, Rizoupoli | 17768818 | Spitogatos",Athens Center,150000.0,52.0,2884.6153846153848,B,1,Original Base Dataset,Good,3,4,5,3,3.6,Excellent Investment
b7ed51d3dedd,https://www.spitogatos.gr/en/property/1117933536,"Sale, Apartment, 194m² Athens - Center, Agios Eleftherios - Probona - Rizoupoli | 17933536 | Spitogatos",Athens Center,320000.0,194.0,1649.4845360824743,B,1,Original Base Dataset,Excellent,5,4,2,3,3.5999999999999996,Excellent Investment
5ae00dd0c754,https://www.spitogatos.gr/en/property/1117947141,"Sale, Apartment, 62m² Athens - Center, Neos Kosmos | 17947141 | Spitogatos",Exarchia,224000.0,62.0,3612.9032258064517,B,1,Scalable Collector Results,Fair,2,4,5,4,3.5999999999999996,Excellent Investment
a6696c7908f1,https://www.spitogatos.gr/en/property/1117246803,"Sale, Apartment, 102m² Neos Kosmos, Center | 17246803 | Spitogatos",Exarchia,295000.0,102.0,2892.156862745098,C,3,Scalable Collector Results,Good,3,3,4,4,3.5,Excellent Investment
9dd11aa01ad5,https://www.spitogatos.gr/en/property/1117131266,"Sale, Apartment, 68m² Gazi - Metaxourgio - Votanikos, Kerameikos | 17131266 | Spitogatos",Athens Center,265000.0,68.0,3897.0588235294117,A,1,Original Base Dataset,Fair,2,5,5,3,3.5,Excellent Investment
949a9ae4e526,https://www.spitogatos.gr/en/property/1117657336,"Sale, Apartment, 70m² Athens - Center, Neos Kosmos | 17657336 | Spitogatos",Athens Center,158000.0,70.0,2257.1428571428573,D,2,Original Base Dataset,Very Good,4,2,5,3,3.5,Excellent Investment
0d19b58fe81a,https://www.spitogatos.gr/en/property/1117454224,"Sale, Apartment, 86m² Attiki, Platia Attikis | 17454224 | Spitogatos",Athens Center,200000.0,86.0,2325.5813953488373,C,1,Original Base Dataset,Very Good,4,3,4,3,3.5,Excellent Investment
d2871cfced06,https://www.spitogatos.gr/en/property/1117559655,"Sale, Apartment, 42m² Kipseli, Ano Kipseli - Evelpidon | 17559655 | Spitogatos",Kipseli,69000.0,42.0,1642.857142857143,D,1,Original Base Dataset,Excellent,5,2,5,2,3.5,Excellent Investment
fa10a683a86f,https://www.spitogatos.gr/en/property/1117633265,"Sale, Apartment, 75m² Ampelokipoi - Pentagon, Ampelokipoi | 17633265 | Spitogatos",Ampelokipoi,142000.0,75.0,1893.3333333333333,D,1,Original Base Dataset,Excellent,5,2,5,2,3.5,Excellent Investment
4a70eb95162b,https://www.spitogatos.gr/en/property/1117855978,"Sale, Apartment, 110m² Kipseli, Ano Kipseli - Evelpidon | 17855978 | Spitogatos",Exarchia,280000.0,110.0,2545.4545454545455,C,1,Proven Collector Results,Good,3,3,4,4,3.5,Excellent Investment
53c253c76031,https://www.spitogatos.gr/en/property/1117725744,"Sale, Apartment, 49m² Gizi - Pedion Areos, Gkyzi - Arios Pagos | 17725744 | Spitogatos",Exarchia,135000.0,49.0,2755.1020408163267,D,1,Parallel Batch Results,Good,3,2,5,4,3.5,Excellent Investment
8df11bb3a0aa,https://www.spitogatos.gr/en/property/1117985759,"Sale, Apartment, 56m² Athens - Center, Kolonaki - Lykavittos | 17985759 | Spitogatos",Exarchia,140000.0,56.0,2500.0,D,1,Scalable Collector Results,Good,3,2,5,4,3.5,Excellent Investment
3a26a96dd19d,https://www.spitogatos.gr/en/property/1118027024,"Sale, Apartment, 60m² Athens - Center, Kipseli | 18027024 | Spitogatos",Exarchia,170000.0,60.0,2833.3333333333335,D,1,Parallel Batch Results,Good,3,2,5,4,3.5,Excellent Investment
0f10d4266ecb,https://www.spitogatos.gr/en/property/1117935310,"Sale, Apartment, 74m² Athens - Center, Pagkrati | 17935310 | Spitogatos",Exarchia,300000.0,74.0,4054.054054054054,A,1,Scalable Collector Results,Premium,1,5,5,4,3.5,Excellent Investment
87400a90d5bc,https://www.spitogatos.gr/en/property/1117453190,"Sale, Apartment, 64m² Kolonaki - Lykavittos, Kolonaki | 17453190 | Spitogatos",Kolonaki,390000.0,64.0,6093.75,C,1,Original Base Dataset,Premium,1,3,5,5,3.4000000000000004,Good Investment
59242e8bf232,https://www.spitogatos.gr/en/property/1116864066,"Sale, Apartment, 59m² Kolonaki - Lykavittos, Kolonaki | 16864066 | Spitogatos",Kolonaki,250000.0,59.0,4237.28813559322,C,1,Original Base Dataset,Premium,1,3,5,5,3.4000000000000004,Good Investment
85a8adeb726d,https://www.spitogatos.gr/en/property/1117890847,"Sale, Apartment, 67m² Kolonaki - Lykavittos, Kolonaki | 17890847 | Spitogatos",Kolonaki,350000.0,67.0,5223.880597014925,C,1,Original Base Dataset,Premium,1,3,5,5,3.4000000000000004,Good Investment
4846d81a1878,https://www.spitogatos.gr/en/property/1117822604,"Sale, Apartment, 70m² Pagkrati, Alsos Pagkratiou | 17822604 | Spitogatos",Exarchia,265000.0,70.0,3785.714285714286,C,2,Proven Collector Results,Fair,2,3,5,4,3.4000000000000004,Good Investment
be9c7ed52384,https://www.spitogatos.gr/en/property/1117914488,"Sale, Apartment, 84m² Pagkrati, Varnava | 17914488 | Spitogatos",Exarchia,300000.0,84.0,3571.4285714285716,B,1,Proven Collector Results,Fair,2,4,4,4,3.4000000000000004,Good Investment
7c6da500b0df,https://www.spitogatos.gr/en/property/1115970691,"Sale, Apartment, 122m² Kipseli, Ano Kipseli - Evelpidon | 15970691 | Spitogatos",Exarchia,250000.0,122.0,2049.1803278688526,D,3,Scalable Collector Results,Very Good,4,2,3,4,3.4000000000000004,Good Investment
ebdce72b5d38,https://www.spitogatos.gr/en/property/1116809906,"Sale, Apartment, 57m² Goudi, Agios Thomas | 16809906 | Spitogatos",Syntagma,400000.0,57.0,7017.543859649123,C,1,Scalable Collector Results,Premium,1,3,5,5,3.4000000000000004,Good Investment
84de4ed1774e,https://www.spitogatos.gr/en/property/1117817543,"Sale, Apartment, 75m² Attiki, Thimarakia | 17817543 | Spitogatos",Exarchia,230000.0,75.0,3066.6666666666665,C,2,Parallel Batch Results,Fair,2,3,5,4,3.4000000000000004,Good Investment
a5ad7b502ad1,https://www.spitogatos.gr/en/property/1118028347,"Sale, Apartment, 50m² Athens - Center, Goudi | 18028347 | Spitogatos",Exarchia,185000.0,50.0,3700.0,C,1,Parallel Batch Results,Fair,2,3,5,4,3.4000000000000004,Good Investment
4decdd1fd109,https://www.spitogatos.gr/en/property/1118047730,"Sale, Apartment, 50m² Ampelokipoi - Pentagon, Erithros | 18047730 | Spitogatos",Exarchia,165000.0,50.0,3300.0,C,1,Parallel Batch Results,Fair,2,3,5,4,3.4000000000000004,Good Investment
721d750ca390,https://www.spitogatos.gr/en/property/1115883320,"Sale, Apartment, 137m² Pagkrati, Pagkrati Center | 15883320 | Spitogatos",Exarchia,440000.0,137.0,3211.6788321167883,A,1,Parallel Batch Results,Fair,2,5,3,4,3.4000000000000004,Good Investment
f78cddfdeceb,https://www.spitogatos.gr/en/property/1116800365,"Sale, Apartment, 60m² Athens - Center, Ampelokipoi - Pentagon | 16800365 | Spitogatos",Syntagma,315000.0,60.0,5250.0,C,1,Parallel Batch Results,Premium,1,3,5,5,3.4000000000000004,Good Investment
ffc9597789f6,https://www.spitogatos.gr/en/property/1117008944,"Sale, Apartment, 80m² Kolonaki - Lykavittos, Kolonaki | 17008944 | Spitogatos",Syntagma,420000.0,80.0,5250.0,C,1,Parallel Batch Results,Premium,1,3,5,5,3.4000000000000004,Good Investment
f8be3866f30d,https://www.spitogatos.gr/en/property/1117817287,"Sale, Apartment, 130m² Gizi - Pedion Areos, Pedion Areos | 17817287 | Spitogatos",Syntagma,600000.0,130.0,4615.384615384615,A,3,Parallel Batch Results,Premium,1,5,3,5,3.4000000000000004,Good Investment
c37b5e3d0c59,https://www.spitogatos.gr/en/property/1117742786,"Sale, Apartment, 153m² Athens - Center, Pagkrati | 17742786 | Spitogatos",Athens Center,180000.0,153.0,1176.4705882352941,C,3,Original Base Dataset,Excellent,5,3,2,3,3.4,Good Investment
3bfab0ab61e3,https://www.spitogatos.gr/en/property/1117440170,"Sale, Detached house, 350m² Gazi - Metaxourgio - Votanikos, Votanikos | 17440170 | Spitogatos",Athens Center,590000.0,350.0,1685.7142857142858,C,1,Original Base Dataset,Excellent,5,3,2,3,3.4,Good Investment
c2b6ab509f89,https://www.spitogatos.gr/en/property/1117612262,"Sale, Apartment, 70m² Patision - Acharnon, Agios Nikolaos | 17612262 | Spitogatos",Athens Center,195000.0,70.0,2785.714285714286,C,1,Original Base Dataset,Good,3,3,5,3,3.4,Good Investment
a186a73cf070,https://www.spitogatos.gr/en/property/1117050794,"Sale, Apartment, 74m² Kolonos - Kolokynthous, Kolonos | 17050794 | Spitogatos",Athens Center,210000.0,74.0,2837.837837837838,C,1,Original Base Dataset,Good,3,3,5,3,3.4,Good Investment
586eb86ad04a,https://www.spitogatos.gr/en/property/1116929663,"Sale, Apartment, 132m² Patision - Acharnon, Agios Panteleimonas | 16929663 | Spitogatos",Athens Center,180000.0,132.0,1363.6363636363637,D,3,Original Base Dataset,Excellent,5,2,3,3,3.4,Good Investment
f094773230d6,https://www.spitogatos.gr/en/property/1117447296,"Sale, Apartment, 45m² Attiki, Thimarakia | 17447296 | Spitogatos",Athens Center,115000.0,45.0,2555.5555555555557,C,1,Original Base Dataset,Good,3,3,5,3,3.4,Good Investment
f0a37cab367d,https://www.spitogatos.gr/en/property/1117931915,"Sale, Apartment, 98m² Athens - Center, Gizi - Pedion Areos | 17931915 | Spitogatos",Athens Center,377000.0,98.0,3846.938775510204,A,1,Original Base Dataset,Fair,2,5,4,3,3.3000000000000003,Good Investment
12f78e13e825,https://www.spitogatos.gr/en/property/1116669206,"Sale, Apartment, 113m² Ampelokipoi - Pentagon, Girokomeio | 16669206 | Spitogatos",Ampelokipoi,298000.0,113.0,2637.16814159292,A,1,Original Base Dataset,Good,3,5,4,2,3.3000000000000003,Good Investment
e5e3eaaee4f8,https://www.spitogatos.gr/en/property/1115721901,"Sale, Apartment, 97m² Kipseli, Platia Kipselis | 15721901 | Spitogatos",Kipseli,150000.0,97.0,1546.3917525773195,D,2,Original Base Dataset,Excellent,5,2,4,2,3.3000000000000003,Good Investment
b4bd6964d8af,https://www.spitogatos.gr/en/property/1117828141,"Sale, Apartment, 92m² Neos Kosmos, Kinosargous | 17828141 | Spitogatos",Athens Center,205000.0,92.0,2228.2608695652175,D,1,Original Base Dataset,Very Good,4,2,4,3,3.3000000000000003,Good Investment
e48e69187182,https://www.spitogatos.gr/en/property/1117629227,"Sale, Apartment, 140m² Neos Kosmos, Kinosargous | 17629227 | Spitogatos",Athens Center,340000.0,140.0,2428.5714285714284,C,1,Original Base Dataset,Very Good,4,3,3,3,3.3000000000000003,Good Investment
2cacb19752f5,https://www.spitogatos.gr/en/property/1117953175,"Sale, Apartment, 98m² Athens - Center, Kolonaki - Lykavittos | 17953175 | Spitogatos",Kolonaki,360000.0,98.0,3673.469387755102,D,1,Original Base Dataset,Fair,2,2,4,5,3.3,Good Investment
0ada9049e10b,https://www.spitogatos.gr/en/property/1117768757,"Sale, Apartment, 48m² Patision - Acharnon, Ag. Meletiou - Viktorias Sq. - Marni | 17768757 | Spitogatos",Exarchia,268421.0,48.0,5592.104166666667,B,1,Proven Collector Results,Premium,1,4,5,4,3.3,Good Investment
a2d7103fb1ca,https://www.spitogatos.gr/en/property/1118036892,"Sale, Apartment, 90m² Kipseli, Ano Kipseli - Evelpidon | 18036892 | Spitogatos",Exarchia,230000.0,90.0,2555.5555555555557,D,1,Proven Collector Results,Good,3,2,4,4,3.3,Good Investment
8cdded61814e,https://www.spitogatos.gr/en/property/1116509665,"Sale, Apartment, 92m² Neos Kosmos, Kinosargous | 16509665 | Spitogatos",Exarchia,260000.0,92.0,2826.086956521739,D,2,Scalable Collector Results,Good,3,2,4,4,3.3,Good Investment
7e095358aa9a,https://www.spitogatos.gr/en/property/1117861263,"Sale, Apartment, 90m² Kolonaki - Lykavittos, Kolonaki | 17861263 | Spitogatos",Exarchia,630000.0,90.0,7000.0,A,2,Parallel Batch Results,Premium,1,5,4,4,3.3,Good Investment
f0960a94c64b,https://www.spitogatos.gr/en/property/1117168894,"Sale, Apartment, 104m² Kipseli, Fokionos Negri | 17168894 | Spitogatos",Exarchia,260000.0,104.0,2500.0,D,2,Parallel Batch Results,Good,3,2,4,4,3.3,Good Investment
c7ef8363b34a,https://www.spitogatos.gr/en/property/1117626301,"Sale, Apartment, 84m² Neos Kosmos, Center | 17626301 | Spitogatos",Exarchia,280000.0,84.0,3333.3333333333335,C,3,Scalable Collector Results,Fair,2,3,4,4,3.2,Good Investment
46b4850f7b09,https://www.spitogatos.gr/en/property/1118007284,"Sale, Apartment, 123m² Athens - Center, Kipseli | 18007284 | Spitogatos",Exarchia,265000.0,123.0,2154.471544715447,E,1,Parallel Batch Results,Very Good,4,1,3,4,3.2,Good Investment
f4000cccaeae,https://www.spitogatos.gr/en/property/1117800351,"Sale, Apartment, 91m² Kolonaki - Lykavittos, Likavittos | 17800351 | Spitogatos",Kolonaki,435000.0,91.0,4780.219780219781,C,1,Original Base Dataset,Premium,1,3,4,5,3.2,Good Investment
2a9695c04a92,https://www.spitogatos.gr/en/property/1116844797,"Sale, Apartment, 97m² Kolonaki - Lykavittos, Rigilis | 16844797 | Spitogatos",Kolonaki,900000.0,97.0,9278.350515463917,C,1,Original Base Dataset,Premium,1,3,4,5,3.2,Good Investment
e851c6a8a89d,https://www.spitogatos.gr/en/property/1117161519,"Sale, Apartment, 112m² Kolonaki - Lykavittos, Kolonaki | 17161519 | Spitogatos",Kolonaki,980000.0,112.0,8750.0,C,1,Original Base Dataset,Premium,1,3,4,5,3.2,Good Investment
76a0d420aec1,https://www.spitogatos.gr/en/property/1117953428,"Sale, Apartment, 295m² Kolonaki - Lykavittos, Kolonaki | 17953428 | Spitogatos",Kolonaki,1180000.0,295.0,4000.0,A,1,Original Base Dataset,Premium,1,5,2,5,3.2,Good Investment
e2c9a0660a9f,https://www.spitogatos.gr/en/property/1117299465,"Sale, Apartment, 111m² Kipseli, Ano Kipseli - Evelpidon | 17299465 | Spitogatos",Exarchia,350000.0,111.0,3153.153153153153,C,1,Parallel Batch Results,Fair,2,3,4,4,3.2,Good Investment
7bb2c3a5e027,https://www.spitogatos.gr/en/property/1114275120,"Sale, Apartment, 68m² Koukaki - Makrygianni, Koukaki - Pediki Chara | 14275120 | Spitogatos",Exarchia,210000.0,68.0,3088.235294117647,D,1,Scalable Collector Results,Fair,2,2,5,4,3.2,Good Investment
0e90c1418c46,https://www.spitogatos.gr/en/property/1117918633,"Sale, Apartment, 65m² Neos Kosmos, Kinosargous | 17918633 | Spitogatos",Exarchia,195000.0,65.0,3000.0,D,2,Scalable Collector Results,Fair,2,2,5,4,3.2,Good Investment
d523da6843ee,https://www.spitogatos.gr/en/property/1117851604,"Sale, Apartment, 68m² Athens - Center, Petralona | 17851604 | Spitogatos",Exarchia,250000.0,68.0,3676.470588235294,D,2,Scalable Collector Results,Fair,2,2,5,4,3.2,Good Investment
3fcf3849fe16,https://www.spitogatos.gr/en/property/1115550119,"Sale, Apartment, 160m² Exarchia - Neapoli, Exarcheia | 15550119 | Spitogatos",Exarchia,330000.0,160.0,2062.5,D,3,Scalable Collector Results,Very Good,4,2,2,4,3.2,Good Investment
0e70983dd9df,https://www.spitogatos.gr/en/property/1117439745,"Sale, Apartment, 96m² Exarchia - Neapoli, Neapoli Exarcheion | 17439745 | Spitogatos",Exarchia,290000.0,96.0,3020.8333333333335,C,1,Parallel Batch Results,Fair,2,3,4,4,3.2,Good Investment
138e0c58e072,https://www.spitogatos.gr/en/property/1117385669,"Sale, Apartment, 52m² Ampelokipoi - Pentagon, Soutsou | 17385669 | Spitogatos",Exarchia,160000.0,52.0,3076.923076923077,D,1,Parallel Batch Results,Fair,2,2,5,4,3.2,Good Investment
8ba8c588c89f,https://www.spitogatos.gr/en/property/1117364353,"Sale, Apartment, 70m² Sepolia - Skouze, Sepolia | 17364353 | Spitogatos",Athens Center,195000.0,70.0,2785.714285714286,D,2,Original Base Dataset,Good,3,2,5,3,3.1999999999999997,Good Investment
e5fe319d62b5,https://www.spitogatos.gr/en/property/1117770219,"Sale, Apartment, 44m² Neos Kosmos, Center | 17770219 | Spitogatos",Athens Center,128000.0,44.0,2909.090909090909,D,1,Original Base Dataset,Good,3,2,5,3,3.1999999999999997,Good Investment
56e2cedf0d75,https://www.spitogatos.gr/en/property/1117828519,"Sale, Apartment, 38m² Athens - Center, Kipseli | 17828519 | Spitogatos",Kipseli,70000.0,38.0,1842.1052631578948,D,1,Original Base Dataset,Excellent,5,2,3,2,3.1,Good Investment
8c236e3100d2,https://www.spitogatos.gr/en/property/1117558960,"Sale, Apartment, 46m² Exarchia - Neapoli, Exarcheia | 17558960 | Spitogatos",Exarchia,199000.0,46.0,4326.086956521739,C,1,Original Base Dataset,Premium,1,3,5,4,3.1,Good Investment
90781c77a60d,https://www.spitogatos.gr/en/property/1115537516,"Sale, Apartment, 175m² Kolonaki - Lykavittos, Kolonaki | 15537516 | Spitogatos",Kolonaki,695000.0,175.0,3971.4285714285716,C,1,Original Base Dataset,Fair,2,3,2,5,3.1,Good Investment
392dfe044eb7,https://www.spitogatos.gr/en/property/1117735051,"Sale, Maisonette, 134m² Agios Eleftherios - Probona - Rizoupoli, Agios Eleftherios | 17735051 | Spitogatos",Athens Center,310000.0,134.0,2313.4328358208954,D,3,Original Base Dataset,Very Good,4,2,3,3,3.1,Good Investment
28cf2bb17c9f,https://www.spitogatos.gr/en/property/1117234676,"Sale, Apartment, 93m² Athens - Center, Neos Kosmos | 17234676 | Spitogatos",Athens Center,295000.0,93.0,3172.043010752688,B,1,Original Base Dataset,Fair,2,4,4,3,3.1,Good Investment
8f9d3f7653ee,https://www.spitogatos.gr/en/property/1116222768,"Sale, Apartment, 50m² Kipseli, Nea Kipseli | 16222768 | Spitogatos",Kipseli,142000.0,50.0,2840.0,C,1,Original Base Dataset,Good,3,3,5,2,3.1,Good Investment
a38c82de06f7,https://www.spitogatos.gr/en/property/1117136794,"Sale, Apartment, 57m² Kolonaki - Lykavittos, Kolonaki | 17136794 | Spitogatos",Exarchia,500000.0,57.0,8771.929824561403,C,1,Proven Collector Results,Premium,1,3,5,4,3.1,Good Investment
9c4f908227bb,https://www.spitogatos.gr/en/property/1115648639,"Sale, Apartment, 142m² Kolonaki - Lykavittos, Likavittos | 15648639 | Spitogatos",Exarchia,600000.0,142.0,4225.352112676056,A,1,Proven Collector Results,Premium,1,5,3,4,3.1,Good Investment
c312f6306d87,https://www.spitogatos.gr/en/property/1117491739,"Sale, Apartment, 56m² Pagkrati, Pagkrati Center | 17491739 | Spitogatos",Exarchia,257000.0,56.0,4589.285714285715,C,1,Parallel Batch Results,Premium,1,3,5,4,3.1,Good Investment
d69cd0fee103,https://www.spitogatos.gr/en/property/1116064024,"Sale, Apartment, 114m² Kipseli, Ano Kipseli - Evelpidon | 16064024 | Spitogatos",Kipseli,240000.0,114.0,2105.2631578947367,D,1,Original Base Dataset,Very Good,4,2,4,2,3.0000000000000004,Good Investment
79910b499d5f,https://www.spitogatos.gr/en/property/1117053990,"Sale, Apartment, 340m² Kolonaki - Lykavittos, Kolonaki | 17053990 | Spitogatos",Kolonaki,1850000.0,340.0,5441.176470588235,B,4,Original Base Dataset,Premium,1,4,2,5,3.0,Good Investment
712fce2c776c,https://www.spitogatos.gr/en/property/1117303634,"Sale, Apartment, 56m² Athens - Center, Historic Center | 17303634 | Spitogatos",Athens Center,395000.0,56.0,7053.571428571428,B,1,Original Base Dataset,Premium,1,4,5,3,3.0,Good Investment
0b3c6f83d353,https://www.spitogatos.gr/en/property/1117765680,"Sale, Apartment, 265m² Athens - Center, Poligono - Tourkovounia | 17765680 | Spitogatos",Athens Center,779000.0,265.0,2939.622641509434,B,1,Original Base Dataset,Good,3,4,2,3,3.0,Good Investment
65cf84a1efc4,https://www.spitogatos.gr/en/property/1116989132,"Sale, Detached house, 112m² Historic Center, Plaka | 16989132 | Spitogatos",Plaka,580000.0,112.0,5178.571428571428,D,1,Original Base Dataset,Premium,1,2,4,5,3.0,Good Investment
be54425458f1,https://www.spitogatos.gr/en/property/1115365862,"Sale, Apartment, 140m² Mets - Kalimarmaro, Mets | 15365862 | Spitogatos",Exarchia,460000.0,140.0,3285.714285714286,C,3,Proven Collector Results,Fair,2,3,3,4,3.0,Good Investment
ec59865e47e3,https://www.spitogatos.gr/en/property/1117238428,"Sale, Apartment, 90m² Athens - Center, Kolonaki - Lykavittos | 17238428 | Spitogatos",Exarchia,310000.0,90.0,3444.4444444444443,D,2,Scalable Collector Results,Fair,2,2,4,4,3.0,Good Investment
996d5002f54d,https://www.spitogatos.gr/en/property/1116241211,"Sale, Apartment, 72m² Ano Patisia, Platia Papadiamanti | 16241211 | Spitogatos",Exarchia,271700.0,72.0,3773.6111111111113,A+,2,Scalable Collector Results,Fair,2,1,5,4,3.0,Good Investment
8ca91331af45,https://www.spitogatos.gr/en/property/1117757905,"Sale, Apartment, 110m² Exarchia - Neapoli, Exarcheia | 17757905 | Spitogatos",Exarchia,339000.0,110.0,3081.818181818182,D,1,Parallel Batch Results,Fair,2,2,4,4,3.0,Good Investment
30bf0e819c5a,https://www.spitogatos.gr/en/property/1112606800,"Sale, Apartment, 97m² Pagkrati, Agios Artemios | 12606800 | Spitogatos",Exarchia,410000.0,97.0,4226.80412371134,C,1,Proven Collector Results,Premium,1,3,4,4,2.9000000000000004,Fair Investment
e4619bfc188e,https://www.spitogatos.gr/en/property/1116577942,"Sale, Apartment, 104m² Kolonaki - Lykavittos, Kolonaki | 16577942 | Spitogatos",Exarchia,750000.0,104.0,7211.538461538462,C,1,Scalable Collector Results,Premium,1,3,4,4,2.9000000000000004,Fair Investment
cb344ea209b4,https://www.spitogatos.gr/en/property/1117900923,"Sale, Apartment, 199m² Kolonaki - Lykavittos, Likavittos | 17900923 | Spitogatos",Exarchia,900000.0,199.0,4522.613065326633,A,3,Scalable Collector Results,Premium,1,5,2,4,2.9000000000000004,Fair Investment
b289ac85ded7,https://www.spitogatos.gr/en/property/1118028433,"Sale, Apartment, 112m² Athens - Center, Neos Kosmos | 18028433 | Spitogatos",Exarchia,495000.0,112.0,4419.642857142857,C,1,Scalable Collector Results,Premium,1,3,4,4,2.9000000000000004,Fair Investment
ced6eaa2f117,https://www.spitogatos.gr/en/property/1118027423,"Sale, Apartment, 102m² Kolonaki - Lykavittos, Kolonaki | 18027423 | Spitogatos",Exarchia,520000.0,102.0,5098.0392156862745,C,1,Parallel Batch Results,Premium,1,3,4,4,2.9000000000000004,Fair Investment
61b454cc778e,https://www.spitogatos.gr/en/property/1115784398,"Sale, Apartment, 122m² Kolonaki - Lykavittos, Kolonaki | 15784398 | Spitogatos",Exarchia,1200000.0,122.0,9836.065573770491,B,2,Parallel Batch Results,Premium,1,4,3,4,2.9000000000000004,Fair Investment
207bdf40402f,https://www.spitogatos.gr/en/property/1117680331,"Sale, Apartment, 85m² Ampelokipoi - Pentagon, Ampelokipoi | 17680331 | Spitogatos",Ampelokipoi,215000.0,85.0,2529.4117647058824,C,2,Original Base Dataset,Good,3,3,4,2,2.9,Fair Investment
f4880bee55db,https://www.spitogatos.gr/en/property/1118016262,"Sale, Apartment, 85m² Pagkrati, Pagkrati Center | 18016262 | Spitogatos",Athens Center,275000.0,85.0,3235.294117647059,C,2,Original Base Dataset,Fair,2,3,4,3,2.9,Fair Investment
aba0ecba6070,https://www.spitogatos.gr/en/property/1117847032,"Sale, Detached house, 222m² Kipseli, Ano Kipseli - Evelpidon | 17847032 | Spitogatos",Kipseli,250000.0,222.0,1126.126126126126,D,1,Original Base Dataset,Excellent,5,2,2,2,2.9,Fair Investment
4825c809d9ba,https://www.spitogatos.gr/en/property/1117645874,"Sale, Apartment, 350m² Athens - Center, Kipseli | 17645874 | Spitogatos",Kipseli,920000.0,350.0,2628.5714285714284,A,1,Original Base Dataset,Good,3,5,2,2,2.9,Fair Investment
b7f6d10bd383,https://www.spitogatos.gr/en/property/1117524349,"Sale, Apartment, 270m² Athens - Center, Pagkrati | 17524349 | Spitogatos",Athens Center,885000.0,270.0,3277.777777777778,A,7,Original Base Dataset,Fair,2,5,2,3,2.9,Fair Investment
b78cbe842b07,https://www.spitogatos.gr/en/property/1117914307,"Sale, Apartment, 50m² Ilisia, Kato Ilisia | 17914307 | Spitogatos",Athens Center,155000.0,50.0,3100.0,D,1,Original Base Dataset,Fair,2,2,5,3,2.9,Fair Investment
d651c25bb88f,https://www.spitogatos.gr/en/property/1117726980,"Sale, Apartment, 160m² Athens - Center, Neos Kosmos | 17726980 | Spitogatos",Exarchia,440000.0,160.0,2750.0,D,1,Parallel Batch Results,Good,3,2,2,4,2.8999999999999995,Fair Investment
d15454df5eed,https://www.spitogatos.gr/en/property/1117002630,"Sale, Maisonette, 300m² Historic Center, Plaka | 17002630 | Spitogatos",Monastiraki,2000000.0,300.0,6666.666666666667,C,1,Proven Collector Results,Premium,1,3,2,5,2.8000000000000003,Fair Investment
1bb05a55a326,https://www.spitogatos.gr/en/property/1117396909,"Sale, Apartment, 199m² Kolonaki - Lykavittos, Likavittos | 17396909 | Spitogatos",Kolonaki,900000.0,199.0,4522.613065326633,C,1,Original Base Dataset,Premium,1,3,2,5,2.8000000000000003,Fair Investment
20c4f7b703f0,https://www.spitogatos.gr/en/property/1117303265,"Sale, Maisonette, 56m² Pagkrati, Pagkrati Center | 17303265 | Spitogatos",Athens Center,275000.0,56.0,4910.714285714285,C,1,Original Base Dataset,Premium,1,3,5,3,2.8,Fair Investment
8f7f3556a272,https://www.spitogatos.gr/en/property/1117215101,"Sale, Apartment, 130m² Athens - Center, Historic Center | 17215101 | Spitogatos",Athens Center,740000.0,130.0,5692.307692307692,A,1,Original Base Dataset,Premium,1,5,3,3,2.8,Fair Investment
d238e4b2054d,https://www.spitogatos.gr/en/property/1116863838,"Sale, Detached house, 262m² Exarchia - Neapoli, Neapoli Exarcheion | 16863838 | Spitogatos",Exarchia,1000000.0,262.0,3816.793893129771,C,1,Original Base Dataset,Fair,2,3,2,4,2.8,Fair Investment
d67c1d36f541,https://www.spitogatos.gr/en/property/1117897704,"Sale, Apartment, 116m² Kolonaki - Lykavittos, Kolonaki | 17897704 | Spitogatos",Kolonaki,1250000.0,116.0,10775.862068965518,F,2,Original Base Dataset,Premium,1,1,4,5,2.8,Fair Investment
b07d4a5597c8,https://www.spitogatos.gr/en/property/1117725271,"Sale, Building, 496m² Kipseli, Nea Kipseli | 17725271 | Spitogatos",Exarchia,1550000.0,496.0,3125.0,C,1,Proven Collector Results,Fair,2,3,2,4,2.8,Fair Investment
790486696edd,https://www.spitogatos.gr/en/property/1117932776,"Sale, Apartment, 132m² Pagkrati, Varnava | 17932776 | Spitogatos",Exarchia,450000.0,132.0,3409.090909090909,D,3,Parallel Batch Results,Fair,2,2,3,4,2.8,Fair Investment
905c83ac762b,https://www.spitogatos.gr/en/property/1116572408,"Sale, Apartment, 36m² Exarchia - Neapoli, Politechneio | 16572408 | Spitogatos",Exarchia,129000.0,36.0,3583.3333333333335,D,1,Parallel Batch Results,Fair,2,2,3,4,2.8,Fair Investment
bd52023029d4,https://www.spitogatos.gr/en/property/1117798407,"Sale, Apartment, 97m² Koukaki - Makrygianni, Makrigianni | 17798407 | Spitogatos",Koukaki,500000.0,97.0,5154.639175257732,A,1,Original Base Dataset,Premium,1,5,4,2,2.7,Fair Investment
f2c1c8c06bf4,https://www.spitogatos.gr/en/property/1117847466,"Sale, Apartment, 145m² Kolonaki - Lykavittos, Kolonaki | 17847466 | Spitogatos",Exarchia,785000.0,145.0,5413.793103448276,C,1,Scalable Collector Results,Premium,1,3,3,4,2.7,Fair Investment
e65ee6227995,https://www.spitogatos.gr/en/property/1116109841,"Sale, Apartment, 130m² Kolonaki - Lykavittos, Kolonaki | 16109841 | Spitogatos",Exarchia,870000.0,130.0,6692.307692307692,C,1,Scalable Collector Results,Premium,1,3,3,4,2.7,Fair Investment
782aac9dd02d,https://www.spitogatos.gr/en/property/1117178173,"Sale, Apartment, 87m² Ampelokipoi - Pentagon, Ampelokipoi | 17178173 | Spitogatos",Ampelokipoi,260000.0,87.0,2988.5057471264367,D,1,Original Base Dataset,Good,3,2,4,2,2.6999999999999997,Fair Investment
613857b11154,https://www.spitogatos.gr/en/property/1117522955,"Sale, Detached house, 465m² Athens - Center, Historic Center | 17522955 | Spitogatos",Athens Center,9800000.0,465.0,21075.2688172043,A,1,Original Base Dataset,Premium,1,5,2,3,2.6,Fair Investment
5ad305916676,https://www.spitogatos.gr/en/property/1117966227,"Sale, Apartment, 115m² Koukaki - Makrygianni, Koukaki - Pediki Chara | 17966227 | Spitogatos",Koukaki,350000.0,115.0,3043.478260869565,C,1,Original Base Dataset,Fair,2,3,4,2,2.6,Fair Investment
77ac2b1d2f7e,https://www.spitogatos.gr/en/property/1117074430,"Sale, Apartment, 75m² Koukaki - Makrygianni, Koukaki - Pediki Chara | 17074430 | Spitogatos",Koukaki,250000.0,75.0,3333.3333333333335,D,1,Original Base Dataset,Fair,2,2,5,2,2.6,Fair Investment
91b57021e94b,https://www.spitogatos.gr/en/property/1117636362,"Sale, Apartment, 110m² Pagkrati, Pagkrati Center | 17636362 | Spitogatos",Athens Center,650000.0,110.0,5909.090909090909,C,1,Original Base Dataset,Premium,1,3,4,3,2.6,Fair Investment
e5dae4326b62,https://www.spitogatos.gr/en/property/1117795465,"Sale, Apartment, 247m² Gizi - Pedion Areos, Pedion Areos | 17795465 | Spitogatos",Exarchia,950000.0,247.0,3846.153846153846,D,1,Parallel Batch Results,Fair,2,2,2,4,2.5999999999999996,Fair Investment
00c7073b8a69,https://www.spitogatos.gr/en/property/1118047438,"Sale, Apartment, 150m² Kolonaki - Lykavittos, Kolonaki | 18047438 | Spitogatos",Exarchia,950000.0,150.0,6333.333333333333,D,2,Scalable Collector Results,Premium,1,2,3,4,2.5,Fair Investment
e09706d3e118,https://www.spitogatos.gr/en/property/1116349256,"Sale, Apartment, 165m² Ilisia, Hilton | 16349256 | Spitogatos",Exarchia,1390000.0,165.0,8424.242424242424,C,4,Scalable Collector Results,Premium,1,3,2,4,2.5,Fair Investment
b0c12469fa5e,https://www.spitogatos.gr/en/property/1117662957,"Sale, Detached house, 150m² Kolonos - Kolokynthous, akadimia Platonos | 17662957 | Spitogatos",Athens Center,550000.0,150.0,3666.6666666666665,D,1,Original Base Dataset,Fair,2,2,3,3,2.5,Fair Investment
b12481bfc77f,https://www.spitogatos.gr/en/property/1115885656,"Sale, Apartment, 124m² Kolonaki - Lykavittos, Kolonaki | 15885656 | Spitogatos",Exarchia,620000.0,124.0,5000.0,D,1,Proven Collector Results,Premium,1,2,3,4,2.5,Fair Investment
14e6cfdfc623,https://www.spitogatos.gr/en/property/1115296139,"Sale, Apartment, 110m² Ampelokipoi - Pentagon, Erithros | 15296139 | Spitogatos",Exarchia,530000.0,110.0,4818.181818181818,F,2,Parallel Batch Results,Premium,1,1,4,4,2.5,Fair Investment
8c5211834f55,https://www.spitogatos.gr/en/property/1116923498,"Sale, Apartment, 137m² Kolonaki - Lykavittos, Kolonaki | 16923498 | Spitogatos",Exarchia,975000.0,137.0,7116.788321167884,D,1,Parallel Batch Results,Premium,1,2,3,4,2.5,Fair Investment
37bd0017f4a1,https://www.spitogatos.gr/en/property/1117901777,"Sale, Apartment, 177m² Kolonaki - Lykavittos, Likavittos | 17901777 | Spitogatos",Exarchia,900000.0,177.0,5084.745762711865,C,2,Parallel Batch Results,Premium,1,3,2,4,2.5,Fair Investment
45246c07c4e7,https://www.spitogatos.gr/en/property/1116930094,"Sale, Apartment, 93m² Ampelokipoi - Pentagon, Pyrgos Athinon | 16930094 | Spitogatos",Exarchia,900000.0,93.0,9677.41935483871,E,1,Parallel Batch Results,Premium,1,1,4,4,2.5,Fair Investment
61f3800965aa,https://www.spitogatos.gr/en/property/1117737285,"Sale, Apartment, 300m² Kolonaki - Lykavittos, Kolonaki | 17737285 | Spitogatos",Exarchia,1200000.0,300.0,4000.0,C,1,Parallel Batch Results,Premium,1,3,2,4,2.5,Fair Investment
722a0e0a1e8a,https://www.spitogatos.gr/en/property/1117349380,"Sale, Apartment, 50m² Koukaki - Makrygianni, Koukaki - Pediki Chara | 17349380 | Spitogatos",Koukaki,175000.0,50.0,3500.0,F,1,Original Base Dataset,Fair,2,1,5,2,2.4,Speculative Investment
9d477818eea3,https://www.spitogatos.gr/en/property/1117497765,"Sale, Studio, 59m² Athens - Center, Pagkrati | 17497765 | Spitogatos",Athens Center,250000.0,59.0,4237.28813559322,G,1,Original Base Dataset,Premium,1,1,5,3,2.4,Speculative Investment
abccf9fd4de9,https://www.spitogatos.gr/en/property/1117515425,"Sale, Detached house, 246m² Athens - Center, Historic Center | 17515425 | Spitogatos",Athens Center,2650000.0,246.0,10772.357723577235,B,1,Original Base Dataset,Premium,1,4,2,3,2.4,Speculative Investment
259cb162ec47,https://www.spitogatos.gr/en/property/1117904864,"Sale, Apartment, 64m² Athens - Center, Kipseli | 17904864 | Spitogatos",Kipseli,250000.0,64.0,3906.25,E,2,Original Base Dataset,Fair,2,1,5,2,2.4,Speculative Investment
30dede3b00d8,https://www.spitogatos.gr/en/property/1118021052,"Sale, Apartment, 138m² Koukaki - Makrygianni, Makrigianni | 18021052 | Spitogatos",Koukaki,670000.0,138.0,4855.072463768116,B,1,Original Base Dataset,Premium,1,4,3,2,2.3000000000000003,Speculative Investment
cbabe2eb642b,https://www.spitogatos.gr/en/property/1118042109,"Sale, Apartment, 97m² Koukaki - Makrygianni, Makrigianni | 18042109 | Spitogatos",Koukaki,950000.0,97.0,9793.814432989691,C,2,Original Base Dataset,Premium,1,3,4,2,2.3000000000000003,Speculative Investment
bed8d4f0c02b,https://www.spitogatos.gr/en/property/1117057559,"Sale, Apartment, 125m² Athens - Center, Center | 17057559 | Spitogatos",Psirri,550000.0,125.0,4400.0,B,1,Parallel Batch Results,Premium,1,4,3,2,2.3000000000000003,Speculative Investment
d46c2442fbc0,https://www.spitogatos.gr/en/property/1117654323,"Sale, Apartment, 121m² Mets - Kalimarmaro, Mets | 17654323 | Spitogatos",Mets,640000.0,121.0,5289.256198347108,E,1,Original Base Dataset,Premium,1,1,3,4,2.3,Speculative Investment
72e6285ee82d,https://www.spitogatos.gr/en/property/1117003571,"Sale, Apartment, 147m² Athens - Center, Sepolia - Skouze | 17003571 | Spitogatos",Athens Center,500000.0,147.0,3401.360544217687,F,1,Original Base Dataset,Fair,2,1,3,3,2.3,Speculative Investment
499605da1465,https://www.spitogatos.gr/en/property/1117883648,"Sale, Apartment, 121m² Gizi - Pedion Areos, Pedion Areos | 17883648 | Spitogatos",Exarchia,495000.0,121.0,4090.909090909091,B+,2,Scalable Collector Results,Premium,1,1,3,4,2.3,Speculative Investment
59a11ac8e7de,https://www.spitogatos.gr/en/property/1117698328,"Sale, Apartment, 102m² Ilisia, Hilton | 17698328 | Spitogatos",Athens Center,820000.0,102.0,8039.21568627451,A+,1,Original Base Dataset,Premium,1,1,4,3,2.2,Speculative Investment
3d33670deebc,https://www.spitogatos.gr/en/property/1117776475,"Sale, Apartment, 34m² Neos Kosmos, Center | 17776475 | Spitogatos",Athens Center,150000.0,34.0,4411.764705882353,D,1,Original Base Dataset,Premium,1,2,3,3,2.2,Speculative Investment
02953f3e63c3,https://www.spitogatos.gr/en/property/1116864045,"Sale, Apartment, 135m² Koukaki - Makrygianni, Makrigianni | 16864045 | Spitogatos",Koukaki,650000.0,135.0,4814.814814814815,C,3,Original Base Dataset,Premium,1,3,3,2,2.1,Speculative Investment
1bc8e61dd88d,https://www.spitogatos.gr/en/property/1117749568,"Sale, Apartment, 130m² Ampelokipoi - Pentagon, Plateia Mavili | 17749568 | Spitogatos",Ampelokipoi,590000.0,130.0,4538.461538461538,C,1,Original Base Dataset,Premium,1,3,3,2,2.1,Speculative Investment
b6ff6d93649a,https://www.spitogatos.gr/en/property/1116076171,"Sale, Apartment, 160m² Center, Akadimia | 16076171 | Spitogatos",Psirri,950000.0,160.0,5937.5,B,3,Scalable Collector Results,Premium,1,4,2,2,2.1,Speculative Investment
eb21bd4cedac,https://www.spitogatos.gr/en/property/1118033292,"Sale, Studio, 22m² Ampelokipoi - Pentagon, Pyrgos Athinon | 18033292 | Spitogatos",Ampelokipoi,75000.0,22.0,3409.090909090909,C,1,Original Base Dataset,Fair,2,3,1,2,2.0,Speculative Investment
