Property_ID,Block_ID,Neighborhood,District_Zone,URL,SQM,Energy_Class,Price,Price_per_SQM,Investment_Score,Recommended_Action,Investment_Strategy,Target_Price,Expected_ROI_24m,Tourism_Score,Commercial_Score,Metro_Distance,Overall_Risk
SYN-001-000,SYN-001,Syntagma Square East,HISTORIC,https://spitogatos.gr/property/syn-001-0,75,A+,390000,5200.0,9.775,IMMEDIATE_BUY,TOURISM_RENTAL,382200,0.32399999999999995,10.0,9.5,150,MEDIUM
PLA-001-000,PLA-001,Plaka Central,HISTORIC,https://spitogatos.gr/property/pla-001-0,75,A+,312000,4160.0,9.775,IMMEDIATE_BUY,TOURISM_RENTAL,305760,0.32399999999999995,10.0,8.0,200,MEDIUM
SYN-001-001,SYN-001,Syntagma Square East,HISTORIC,https://spitogatos.gr/property/syn-001-1,78,A,420810,5395.0,9.57,IMMEDIATE_BUY,TOURISM_RENTAL,412393,0.31399999999999995,10.0,9.5,150,MEDIUM
PLA-001-001,PLA-001,Plaka Central,HISTORIC,https://spitogatos.gr/property/pla-001-1,78,A,336648,4316.0,9.57,IMMEDIATE_BUY,TOURISM_RENTAL,329915,0.31399999999999995,10.0,8.0,200,MEDIUM
SYN-002-000,SYN-002,Syntagma Square West,COMMERCIAL,https://spitogatos.gr/property/syn-002-0,75,A+,348000,4640.0,9.475000000000001,IMMEDIATE_BUY,TOURISM_RENTAL,341040,0.312,9.5,10.0,150,MEDIUM
MON-001-000,MON-001,Monastiraki Square,COMMERCIAL,https://spitogatos.gr/property/mon-001-0,75,A+,270000,3600.0,9.475000000000001,IMMEDIATE_BUY,TOURISM_RENTAL,264600,0.312,8.5,9.0,200,MEDIUM
PLA-002-000,PLA-002,Plaka North,HISTORIC,https://spitogatos.gr/property/pla-002-0,75,A+,288000,3840.0,9.475,IMMEDIATE_BUY,TOURISM_RENTAL,282240,0.32399999999999995,9.0,7.5,200,MEDIUM
SYN-001-002,SYN-001,Syntagma Square East,HISTORIC,https://spitogatos.gr/property/syn-001-2,81,B+,452790,5590.0,9.365,IMMEDIATE_BUY,TOURISM_RENTAL,443734,0.304,10.0,9.5,150,MEDIUM
PLA-001-002,PLA-001,Plaka Central,HISTORIC,https://spitogatos.gr/property/pla-001-2,81,B+,362232,4472.0,9.365,IMMEDIATE_BUY,TOURISM_RENTAL,354987,0.304,10.0,8.0,200,MEDIUM
SYN-001-007,SYN-001,Syntagma Square East,HISTORIC,https://spitogatos.gr/property/syn-001-7,96,A+,630240,6565.0,9.290000000000001,IMMEDIATE_BUY,TOURISM_RENTAL,617635,0.32399999999999995,10.0,9.5,150,MEDIUM
PLA-001-007,PLA-001,Plaka Central,HISTORIC,https://spitogatos.gr/property/pla-001-7,96,A+,504192,5252.0,9.290000000000001,IMMEDIATE_BUY,TOURISM_RENTAL,494108,0.32399999999999995,10.0,8.0,200,MEDIUM
SYN-002-001,SYN-002,Syntagma Square West,COMMERCIAL,https://spitogatos.gr/property/syn-002-1,78,A,375492,4814.0,9.27,IMMEDIATE_BUY,TOURISM_RENTAL,367982,0.302,9.5,10.0,150,MEDIUM
PLA-002-001,PLA-002,Plaka North,HISTORIC,https://spitogatos.gr/property/pla-002-1,78,A,310752,3984.0,9.27,IMMEDIATE_BUY,TOURISM_RENTAL,304536,0.31399999999999995,9.0,7.5,200,MEDIUM
MON-001-001,MON-001,Monastiraki Square,COMMERCIAL,https://spitogatos.gr/property/mon-001-1,78,A,291330,3735.0,9.27,IMMEDIATE_BUY,TOURISM_RENTAL,285503,0.302,8.5,9.0,200,MEDIUM
PLA-001-008,PLA-001,Plaka Central,HISTORIC,https://spitogatos.gr/property/pla-001-8,99,A,535392,5408.0,9.185,IMMEDIATE_BUY,TOURISM_RENTAL,524684,0.31399999999999995,10.0,8.0,200,MEDIUM
SYN-001-008,SYN-001,Syntagma Square East,HISTORIC,https://spitogatos.gr/property/syn-001-8,99,A,669240,6760.0,9.185,IMMEDIATE_BUY,TOURISM_RENTAL,655855,0.31399999999999995,10.0,9.5,150,MEDIUM
SYN-002-002,SYN-002,Syntagma Square West,COMMERCIAL,https://spitogatos.gr/property/syn-002-2,81,B+,404028,4988.0,9.065000000000001,IMMEDIATE_BUY,TOURISM_RENTAL,395947,0.29200000000000004,9.5,10.0,150,MEDIUM
MON-001-002,MON-001,Monastiraki Square,COMMERCIAL,https://spitogatos.gr/property/mon-001-2,81,B+,313470,3870.0,9.065000000000001,IMMEDIATE_BUY,TOURISM_RENTAL,307200,0.29200000000000004,8.5,9.0,200,MEDIUM
PLA-002-002,PLA-002,Plaka North,HISTORIC,https://spitogatos.gr/property/pla-002-2,81,B+,334368,4128.0,9.065,IMMEDIATE_BUY,TOURISM_RENTAL,327680,0.304,9.0,7.5,200,MEDIUM
SYN-001-014,SYN-001,Syntagma Square East,HISTORIC,https://spitogatos.gr/property/syn-001-14,117,A+,927810,7930.0,9.05,IMMEDIATE_BUY,TOURISM_RENTAL,909253,0.32399999999999995,10.0,9.5,150,MEDIUM
PLA-001-014,PLA-001,Plaka Central,HISTORIC,https://spitogatos.gr/property/pla-001-14,117,A+,742248,6344.0,9.05,IMMEDIATE_BUY,TOURISM_RENTAL,727403,0.32399999999999995,10.0,8.0,200,MEDIUM
SYN-002-007,SYN-002,Syntagma Square West,COMMERCIAL,https://spitogatos.gr/property/syn-002-7,96,A+,562368,5858.0,8.99,STRONG_BUY,TOURISM_RENTAL,534249,0.312,9.5,10.0,150,MEDIUM
PLA-002-007,PLA-002,Plaka North,HISTORIC,https://spitogatos.gr/property/pla-002-7,96,A+,465408,4848.0,8.99,STRONG_BUY,TOURISM_RENTAL,442137,0.32399999999999995,9.0,7.5,200,MEDIUM
MON-001-007,MON-001,Monastiraki Square,COMMERCIAL,https://spitogatos.gr/property/mon-001-7,96,A+,436320,4545.0,8.99,STRONG_BUY,TOURISM_RENTAL,414504,0.312,8.5,9.0,200,MEDIUM
SYN-002-008,SYN-002,Syntagma Square West,COMMERCIAL,https://spitogatos.gr/property/syn-002-8,99,A,597168,6032.0,8.885000000000002,STRONG_BUY,TOURISM_RENTAL,567309,0.302,9.5,10.0,150,MEDIUM
MON-001-008,MON-001,Monastiraki Square,COMMERCIAL,https://spitogatos.gr/property/mon-001-8,99,A,463320,4680.0,8.885000000000002,STRONG_BUY,TOURISM_RENTAL,440154,0.302,8.5,9.0,200,MEDIUM
PLA-002-008,PLA-002,Plaka North,HISTORIC,https://spitogatos.gr/property/pla-002-8,99,A,494208,4992.0,8.885,STRONG_BUY,TOURISM_RENTAL,469497,0.31399999999999995,9.0,7.5,200,MEDIUM
PLA-001-003,PLA-001,Plaka Central,HISTORIC,https://spitogatos.gr/property/pla-001-3,84,B,388752,4628.0,8.86,STRONG_BUY,HOLD_APPRECIATE,369314,0.298,10.0,8.0,200,MEDIUM
SYN-001-003,SYN-001,Syntagma Square East,HISTORIC,https://spitogatos.gr/property/syn-001-3,84,B,485940,5785.0,8.86,STRONG_BUY,HOLD_APPRECIATE,461643,0.298,10.0,9.5,150,MEDIUM
SYN-001-015,SYN-001,Syntagma Square East,HISTORIC,https://spitogatos.gr/property/syn-001-15,120,A,975000,8125.0,8.8,STRONG_BUY,TOURISM_RENTAL,926250,0.31399999999999995,10.0,9.5,150,MEDIUM
PLA-001-015,PLA-001,Plaka Central,HISTORIC,https://spitogatos.gr/property/pla-001-15,120,A,780000,6500.0,8.8,STRONG_BUY,TOURISM_RENTAL,741000,0.31399999999999995,10.0,8.0,200,MEDIUM
SYN-002-014,SYN-002,Syntagma Square West,COMMERCIAL,https://spitogatos.gr/property/syn-002-14,117,A+,827892,7076.0,8.75,STRONG_BUY,TOURISM_RENTAL,786497,0.312,9.5,10.0,150,MEDIUM
PLA-002-014,PLA-002,Plaka North,HISTORIC,https://spitogatos.gr/property/pla-002-14,117,A+,685152,5856.0,8.75,STRONG_BUY,TOURISM_RENTAL,650894,0.32399999999999995,9.0,7.5,200,MEDIUM
MON-001-014,MON-001,Monastiraki Square,COMMERCIAL,https://spitogatos.gr/property/mon-001-14,117,A+,642330,5490.0,8.75,STRONG_BUY,TOURISM_RENTAL,610213,0.312,8.5,9.0,200,MEDIUM
KOL-001-000,KOL-001,Kolonaki Central,RESIDENTIAL,https://spitogatos.gr/property/kol-001-0,75,A+,432000,5760.0,8.675,STRONG_BUY,HOLD_APPRECIATE,410400,0.26,4.0,8.5,150,MEDIUM
SYN-001-016,SYN-001,Syntagma Square East,HISTORIC,https://spitogatos.gr/property/syn-001-16,123,B+,1023360,8320.0,8.65,STRONG_BUY,TOURISM_RENTAL,972192,0.304,10.0,9.5,150,MEDIUM
PLA-001-016,PLA-001,Plaka Central,HISTORIC,https://spitogatos.gr/property/pla-001-16,123,B+,818688,6656.0,8.65,STRONG_BUY,TOURISM_RENTAL,777753,0.304,10.0,8.0,200,MEDIUM
SYN-002-003,SYN-002,Syntagma Square West,COMMERCIAL,https://spitogatos.gr/property/syn-002-3,84,B,433608,5162.0,8.56,STRONG_BUY,HOLD_APPRECIATE,411927,0.28600000000000003,9.5,10.0,150,MEDIUM
MON-001-003,MON-001,Monastiraki Square,COMMERCIAL,https://spitogatos.gr/property/mon-001-3,84,B,336420,4005.0,8.56,STRONG_BUY,HOLD_APPRECIATE,319599,0.28600000000000003,8.5,9.0,200,MEDIUM
PLA-002-003,PLA-002,Plaka North,HISTORIC,https://spitogatos.gr/property/pla-002-3,84,B,358848,4272.0,8.559999999999999,STRONG_BUY,HOLD_APPRECIATE,340905,0.298,9.0,7.5,200,MEDIUM
PLA-001-009,PLA-001,Plaka Central,HISTORIC,https://spitogatos.gr/property/pla-001-9,102,B+,567528,5564.0,8.55,STRONG_BUY,TOURISM_RENTAL,539151,0.304,10.0,8.0,200,MEDIUM
SYN-001-009,SYN-001,Syntagma Square East,HISTORIC,https://spitogatos.gr/property/syn-001-9,102,B+,709410,6955.0,8.55,STRONG_BUY,TOURISM_RENTAL,673939,0.304,10.0,9.5,150,MEDIUM
SYN-002-015,SYN-002,Syntagma Square West,COMMERCIAL,https://spitogatos.gr/property/syn-002-15,120,A,870000,7250.0,8.5,STRONG_BUY,TOURISM_RENTAL,826500,0.302,9.5,10.0,150,MEDIUM
PLA-002-015,PLA-002,Plaka North,HISTORIC,https://spitogatos.gr/property/pla-002-15,120,A,720000,6000.0,8.5,STRONG_BUY,TOURISM_RENTAL,684000,0.31399999999999995,9.0,7.5,200,MEDIUM
MON-001-015,MON-001,Monastiraki Square,COMMERCIAL,https://spitogatos.gr/property/mon-001-15,120,A,675000,5625.0,8.5,STRONG_BUY,TOURISM_RENTAL,641250,0.302,8.5,9.0,200,MEDIUM
KOL-001-001,KOL-001,Kolonaki Central,RESIDENTIAL,https://spitogatos.gr/property/kol-001-1,78,A,466128,5976.0,8.47,STRONG_BUY,HOLD_APPRECIATE,442821,0.25,4.0,8.5,150,MEDIUM
SYN-001-017,SYN-001,Syntagma Square East,HISTORIC,https://spitogatos.gr/property/syn-001-17,126,B,1072890,8515.0,8.4,STRONG_BUY,HOLD_APPRECIATE,1019245,0.298,10.0,9.5,150,MEDIUM
PLA-001-017,PLA-001,Plaka Central,HISTORIC,https://spitogatos.gr/property/pla-001-17,126,B,858312,6812.0,8.4,STRONG_BUY,HOLD_APPRECIATE,815396,0.298,10.0,8.0,200,MEDIUM
KOU-001-000,KOU-001,Koukaki North,RESIDENTIAL,https://spitogatos.gr/property/kou-001-0,75,A+,228000,3040.0,8.375,STRONG_BUY,HOLD_APPRECIATE,216600,0.28,7.0,6.0,250,HIGH
KOU-002-000,KOU-002,Koukaki Central,RESIDENTIAL,https://spitogatos.gr/property/kou-002-0,75,A+,216000,2880.0,8.375,STRONG_BUY,HOLD_APPRECIATE,205200,0.28,6.5,5.5,250,HIGH
KOL-002-000,KOL-002,Kolonaki East,RESIDENTIAL,https://spitogatos.gr/property/kol-002-0,75,A+,408000,5440.0,8.375,STRONG_BUY,HOLD_APPRECIATE,387600,0.26,3.5,7.5,400,MEDIUM
SYN-001-004,SYN-001,Syntagma Square East,HISTORIC,https://spitogatos.gr/property/syn-001-4,87,C+,520260,5980.0,8.355,STRONG_BUY,HOLD_APPRECIATE,494247,0.294,10.0,9.5,150,MEDIUM
PLA-001-004,PLA-001,Plaka Central,HISTORIC,https://spitogatos.gr/property/pla-001-4,87,C+,416208,4784.0,8.355,STRONG_BUY,HOLD_APPRECIATE,395397,0.294,10.0,8.0,200,MEDIUM
SYN-002-016,SYN-002,Syntagma Square West,COMMERCIAL,https://spitogatos.gr/property/syn-002-16,123,B+,913152,7424.0,8.350000000000001,STRONG_BUY,TOURISM_RENTAL,867494,0.29200000000000004,9.5,10.0,150,MEDIUM
MON-001-016,MON-001,Monastiraki Square,COMMERCIAL,https://spitogatos.gr/property/mon-001-16,123,B+,708480,5760.0,8.350000000000001,STRONG_BUY,TOURISM_RENTAL,673056,0.29200000000000004,8.5,9.0,200,MEDIUM
PLA-002-016,PLA-002,Plaka North,HISTORIC,https://spitogatos.gr/property/pla-002-16,123,B+,755712,6144.0,8.35,STRONG_BUY,TOURISM_RENTAL,717926,0.304,9.0,7.5,200,MEDIUM
SYN-001-010,SYN-001,Syntagma Square East,HISTORIC,https://spitogatos.gr/property/syn-001-10,105,B,750750,7150.0,8.3,STRONG_BUY,HOLD_APPRECIATE,713212,0.298,10.0,9.5,150,MEDIUM
PLA-001-010,PLA-001,Plaka Central,HISTORIC,https://spitogatos.gr/property/pla-001-10,105,B,600600,5720.0,8.3,STRONG_BUY,HOLD_APPRECIATE,570570,0.298,10.0,8.0,200,MEDIUM
KOL-001-002,KOL-001,Kolonaki Central,RESIDENTIAL,https://spitogatos.gr/property/kol-001-2,81,B+,501552,6192.0,8.265,STRONG_BUY,HOLD_APPRECIATE,476474,0.24,4.0,8.5,150,MEDIUM
SYN-002-009,SYN-002,Syntagma Square West,COMMERCIAL,https://spitogatos.gr/property/syn-002-9,102,B+,633012,6206.0,8.25,STRONG_BUY,TOURISM_RENTAL,601361,0.29200000000000004,9.5,10.0,150,MEDIUM
PLA-002-009,PLA-002,Plaka North,HISTORIC,https://spitogatos.gr/property/pla-002-9,102,B+,523872,5136.0,8.25,STRONG_BUY,TOURISM_RENTAL,497678,0.304,9.0,7.5,200,MEDIUM
MON-001-009,MON-001,Monastiraki Square,COMMERCIAL,https://spitogatos.gr/property/mon-001-9,102,B+,491130,4815.0,8.25,STRONG_BUY,TOURISM_RENTAL,466573,0.29200000000000004,8.5,9.0,200,MEDIUM
KOL-001-007,KOL-001,Kolonaki Central,RESIDENTIAL,https://spitogatos.gr/property/kol-001-7,96,A+,698112,7272.0,8.190000000000001,STRONG_BUY,HOLD_APPRECIATE,663206,0.26,4.0,8.5,150,MEDIUM
KOU-001-001,KOU-001,Koukaki North,RESIDENTIAL,https://spitogatos.gr/property/kou-001-1,78,A,246012,3154.0,8.17,STRONG_BUY,HOLD_APPRECIATE,233711,0.27,7.0,6.0,250,HIGH
KOU-002-001,KOU-002,Koukaki Central,RESIDENTIAL,https://spitogatos.gr/property/kou-002-1,78,A,233064,2988.0,8.17,STRONG_BUY,HOLD_APPRECIATE,221410,0.27,6.5,5.5,250,HIGH
KOL-002-001,KOL-002,Kolonaki East,RESIDENTIAL,https://spitogatos.gr/property/kol-002-1,78,A,440232,5644.0,8.17,STRONG_BUY,HOLD_APPRECIATE,418220,0.25,3.5,7.5,400,MEDIUM
PLA-001-005,PLA-001,Plaka Central,HISTORIC,https://spitogatos.gr/property/pla-001-5,90,C,444600,4940.0,8.15,STRONG_BUY,ENERGY_RETROFIT,422370,0.44399999999999995,10.0,8.0,200,MEDIUM
PLA-001-018,PLA-001,Plaka Central,HISTORIC,https://spitogatos.gr/property/pla-001-18,129,C+,898872,6968.0,8.15,STRONG_BUY,HOLD_APPRECIATE,853928,0.294,10.0,8.0,200,MEDIUM
SYN-001-018,SYN-001,Syntagma Square East,HISTORIC,https://spitogatos.gr/property/syn-001-18,129,C+,1123590,8710.0,8.15,STRONG_BUY,HOLD_APPRECIATE,1067410,0.294,10.0,9.5,150,MEDIUM
SYN-001-005,SYN-001,Syntagma Square East,HISTORIC,https://spitogatos.gr/property/syn-001-5,90,C,555750,6175.0,8.15,STRONG_BUY,ENERGY_RETROFIT,527962,0.44399999999999995,10.0,9.5,150,MEDIUM
SYN-002-017,SYN-002,Syntagma Square West,COMMERCIAL,https://spitogatos.gr/property/syn-002-17,126,B,957348,7598.0,8.1,STRONG_BUY,HOLD_APPRECIATE,909480,0.28600000000000003,9.5,10.0,150,MEDIUM
PLA-002-017,PLA-002,Plaka North,HISTORIC,https://spitogatos.gr/property/pla-002-17,126,B,792288,6288.0,8.1,STRONG_BUY,HOLD_APPRECIATE,752673,0.298,9.0,7.5,200,MEDIUM
MON-001-017,MON-001,Monastiraki Square,COMMERCIAL,https://spitogatos.gr/property/mon-001-17,126,B,742770,5895.0,8.1,STRONG_BUY,HOLD_APPRECIATE,705631,0.28600000000000003,8.5,9.0,200,MEDIUM
KOL-001-008,KOL-001,Kolonaki Central,RESIDENTIAL,https://spitogatos.gr/property/kol-001-8,99,A,741312,7488.0,8.085,STRONG_BUY,HOLD_APPRECIATE,704246,0.25,4.0,8.5,150,MEDIUM
PSY-001-000,PSY-001,Psyrri Central,CULTURAL,https://spitogatos.gr/property/psy-001-0,75,A+,192000,2560.0,8.075,STRONG_BUY,GENTRIFICATION_PLAY,182400,0.316,6.5,7.0,200,HIGH
EXA-001-000,EXA-001,Exarchia Central,CULTURAL,https://spitogatos.gr/property/exa-001-0,75,A+,204000,2720.0,8.075,STRONG_BUY,GENTRIFICATION_PLAY,193800,0.29600000000000004,5.5,6.5,400,HIGH
SYN-002-004,SYN-002,Syntagma Square West,COMMERCIAL,https://spitogatos.gr/property/syn-002-4,87,C+,464232,5336.0,8.055,STRONG_BUY,HOLD_APPRECIATE,441020,0.28200000000000003,9.5,10.0,150,MEDIUM
PLA-002-004,PLA-002,Plaka North,HISTORIC,https://spitogatos.gr/property/pla-002-4,87,C+,384192,4416.0,8.055,STRONG_BUY,HOLD_APPRECIATE,364982,0.294,9.0,7.5,200,MEDIUM
MON-001-004,MON-001,Monastiraki Square,COMMERCIAL,https://spitogatos.gr/property/mon-001-4,87,C+,360180,4140.0,8.055,STRONG_BUY,HOLD_APPRECIATE,342171,0.28200000000000003,8.5,9.0,200,MEDIUM
SYN-001-011,SYN-001,Syntagma Square East,HISTORIC,https://spitogatos.gr/property/syn-001-11,108,C+,793259,7344.990740740741,8.05,STRONG_BUY,HOLD_APPRECIATE,753596,0.294,10.0,9.5,150,MEDIUM
PLA-001-011,PLA-001,Plaka Central,HISTORIC,https://spitogatos.gr/property/pla-001-11,108,C+,634607,5875.990740740741,8.05,STRONG_BUY,HOLD_APPRECIATE,602876,0.294,10.0,8.0,200,MEDIUM
PLA-002-010,PLA-002,Plaka North,HISTORIC,https://spitogatos.gr/property/pla-002-10,105,B,554400,5280.0,8.0,STRONG_BUY,HOLD_APPRECIATE,526680,0.298,9.0,7.5,200,MEDIUM
MON-001-010,MON-001,Monastiraki Square,COMMERCIAL,https://spitogatos.gr/property/mon-001-10,105,B,519750,4950.0,7.999999999999999,STRONG_BUY,HOLD_APPRECIATE,493762,0.28600000000000003,8.5,9.0,200,MEDIUM
SYN-002-010,SYN-002,Syntagma Square West,COMMERCIAL,https://spitogatos.gr/property/syn-002-10,105,B,669900,6380.0,7.999999999999999,STRONG_BUY,HOLD_APPRECIATE,636405,0.28600000000000003,9.5,10.0,150,MEDIUM
KOU-002-002,KOU-002,Koukaki Central,RESIDENTIAL,https://spitogatos.gr/property/kou-002-2,81,B+,250776,3096.0,7.965,STRONG_BUY,HOLD_APPRECIATE,238237,0.26,6.5,5.5,250,HIGH
KOL-002-002,KOL-002,Kolonaki East,RESIDENTIAL,https://spitogatos.gr/property/kol-002-2,81,B+,473688,5848.0,7.965,STRONG_BUY,HOLD_APPRECIATE,450003,0.24,3.5,7.5,400,MEDIUM
KOU-001-002,KOU-001,Koukaki North,RESIDENTIAL,https://spitogatos.gr/property/kou-001-2,81,B+,264708,3268.0,7.965,STRONG_BUY,HOLD_APPRECIATE,251472,0.26,7.0,6.0,250,HIGH
KOL-001-014,KOL-001,Kolonaki Central,RESIDENTIAL,https://spitogatos.gr/property/kol-001-14,117,A+,1027728,8784.0,7.95,STRONG_BUY,HOLD_APPRECIATE,976341,0.26,4.0,8.5,150,MEDIUM
SYN-001-019,SYN-001,Syntagma Square East,HISTORIC,https://spitogatos.gr/property/syn-001-19,132,C,1175460,8905.0,7.8999999999999995,STRONG_BUY,ENERGY_RETROFIT,1116687,0.44399999999999995,10.0,9.5,150,MEDIUM
PLA-001-019,PLA-001,Plaka Central,HISTORIC,https://spitogatos.gr/property/pla-001-19,132,C,940368,7124.0,7.8999999999999995,STRONG_BUY,ENERGY_RETROFIT,893349,0.44399999999999995,10.0,8.0,200,MEDIUM
KOU-001-007,KOU-001,Koukaki North,RESIDENTIAL,https://spitogatos.gr/property/kou-001-7,96,A+,368448,3838.0,7.890000000000001,STRONG_BUY,HOLD_APPRECIATE,350025,0.28,7.0,6.0,250,HIGH
KOU-002-007,KOU-002,Koukaki Central,RESIDENTIAL,https://spitogatos.gr/property/kou-002-7,96,A+,349056,3636.0,7.890000000000001,STRONG_BUY,HOLD_APPRECIATE,331603,0.28,6.5,5.5,250,HIGH
KOL-002-007,KOL-002,Kolonaki East,RESIDENTIAL,https://spitogatos.gr/property/kol-002-7,96,A+,659328,6868.0,7.890000000000001,STRONG_BUY,HOLD_APPRECIATE,626361,0.26,3.5,7.5,400,MEDIUM
PSY-001-001,PSY-001,Psyrri Central,CULTURAL,https://spitogatos.gr/property/psy-001-1,78,A,207168,2656.0,7.87,STRONG_BUY,GENTRIFICATION_PLAY,196809,0.306,6.5,7.0,200,HIGH
EXA-001-001,EXA-001,Exarchia Central,CULTURAL,https://spitogatos.gr/property/exa-001-1,78,A,220116,2822.0,7.87,STRONG_BUY,GENTRIFICATION_PLAY,209110,0.28600000000000003,5.5,6.5,400,HIGH
PLA-002-018,PLA-002,Plaka North,HISTORIC,https://spitogatos.gr/property/pla-002-18,129,C+,829728,6432.0,7.85,STRONG_BUY,HOLD_APPRECIATE,788241,0.294,9.0,7.5,200,MEDIUM
MON-001-018,MON-001,Monastiraki Square,COMMERCIAL,https://spitogatos.gr/property/mon-001-18,129,C+,777870,6030.0,7.85,STRONG_BUY,HOLD_APPRECIATE,738976,0.28200000000000003,8.5,9.0,200,MEDIUM
MON-001-005,MON-001,Monastiraki Square,COMMERCIAL,https://spitogatos.gr/property/mon-001-5,90,C,384750,4275.0,7.85,STRONG_BUY,ENERGY_RETROFIT,365512,0.43200000000000005,8.5,9.0,200,MEDIUM
PLA-002-005,PLA-002,Plaka North,HISTORIC,https://spitogatos.gr/property/pla-002-5,90,C,410400,4560.0,7.85,STRONG_BUY,ENERGY_RETROFIT,389880,0.44399999999999995,9.0,7.5,200,MEDIUM
SYN-002-018,SYN-002,Syntagma Square West,COMMERCIAL,https://spitogatos.gr/property/syn-002-18,129,C+,1002588,7772.0,7.85,STRONG_BUY,HOLD_APPRECIATE,952458,0.28200000000000003,9.5,10.0,150,MEDIUM
SYN-002-005,SYN-002,Syntagma Square West,COMMERCIAL,https://spitogatos.gr/property/syn-002-5,90,C,495900,5510.0,7.85,STRONG_BUY,ENERGY_RETROFIT,471105,0.43200000000000005,9.5,10.0,150,MEDIUM
SYN-001-012,SYN-001,Syntagma Square East,HISTORIC,https://spitogatos.gr/property/syn-001-12,111,C,836940,7540.0,7.8,STRONG_BUY,ENERGY_RETROFIT,795093,0.44399999999999995,10.0,9.5,150,MEDIUM
PLA-001-012,PLA-001,Plaka Central,HISTORIC,https://spitogatos.gr/property/pla-001-12,111,C,669552,6032.0,7.8,STRONG_BUY,ENERGY_RETROFIT,636074,0.44399999999999995,10.0,8.0,200,MEDIUM
KOU-001-008,KOU-001,Koukaki North,RESIDENTIAL,https://spitogatos.gr/property/kou-001-8,99,A,391248,3952.0,7.785,STRONG_BUY,HOLD_APPRECIATE,371685,0.27,7.0,6.0,250,HIGH
KOU-002-008,KOU-002,Koukaki Central,RESIDENTIAL,https://spitogatos.gr/property/kou-002-8,99,A,370656,3744.0,7.785,STRONG_BUY,HOLD_APPRECIATE,352123,0.27,6.5,5.5,250,HIGH
KOL-002-008,KOL-002,Kolonaki East,RESIDENTIAL,https://spitogatos.gr/property/kol-002-8,99,A,700128,7072.0,7.785,STRONG_BUY,HOLD_APPRECIATE,665121,0.25,3.5,7.5,400,MEDIUM
KOL-001-003,KOL-001,Kolonaki Central,RESIDENTIAL,https://spitogatos.gr/property/kol-001-3,84,B,538272,6408.0,7.76,STRONG_BUY,HOLD_APPRECIATE,511358,0.23399999999999999,4.0,8.5,150,MEDIUM
PLA-002-011,PLA-002,Plaka North,HISTORIC,https://spitogatos.gr/property/pla-002-11,108,C+,585792,5424.0,7.75,STRONG_BUY,HOLD_APPRECIATE,556502,0.294,9.0,7.5,200,MEDIUM
SYN-002-011,SYN-002,Syntagma Square West,COMMERCIAL,https://spitogatos.gr/property/syn-002-11,108,C+,707831,6553.990740740741,7.749999999999999,STRONG_BUY,HOLD_APPRECIATE,672439,0.28200000000000003,9.5,10.0,150,MEDIUM
MON-001-011,MON-001,Monastiraki Square,COMMERCIAL,https://spitogatos.gr/property/mon-001-11,108,C+,549180,5085.0,7.749999999999999,STRONG_BUY,HOLD_APPRECIATE,521721,0.28200000000000003,8.5,9.0,200,MEDIUM
PLA-001-006,PLA-001,Plaka Central,HISTORIC,https://spitogatos.gr/property/pla-001-6,93,D,473928,5096.0,7.745,STRONG_BUY,ENERGY_RETROFIT,450231,0.44399999999999995,10.0,8.0,200,MEDIUM
SYN-001-006,SYN-001,Syntagma Square East,HISTORIC,https://spitogatos.gr/property/syn-001-6,93,D,592410,6370.0,7.745,STRONG_BUY,ENERGY_RETROFIT,562789,0.44399999999999995,10.0,9.5,150,MEDIUM
KOL-001-015,KOL-001,Kolonaki Central,RESIDENTIAL,https://spitogatos.gr/property/kol-001-15,120,A,1080000,9000.0,7.7,STRONG_BUY,HOLD_APPRECIATE,1026000,0.25,4.0,8.5,150,MEDIUM
EXA-001-002,EXA-001,Exarchia Central,CULTURAL,https://spitogatos.gr/property/exa-001-2,81,B+,236844,2924.0,7.665,STRONG_BUY,GENTRIFICATION_PLAY,225001,0.276,5.5,6.5,400,HIGH
PSY-001-002,PSY-001,Psyrri Central,CULTURAL,https://spitogatos.gr/property/psy-001-2,81,B+,222912,2752.0,7.665,STRONG_BUY,GENTRIFICATION_PLAY,211766,0.29600000000000004,6.5,7.0,200,HIGH
KOU-001-014,KOU-001,Koukaki North,RESIDENTIAL,https://spitogatos.gr/property/kou-001-14,117,A+,542412,4636.0,7.65,STRONG_BUY,HOLD_APPRECIATE,515291,0.28,7.0,6.0,250,HIGH
KOL-002-014,KOL-002,Kolonaki East,RESIDENTIAL,https://spitogatos.gr/property/kol-002-14,117,A+,970632,8296.0,7.65,STRONG_BUY,HOLD_APPRECIATE,922100,0.26,3.5,7.5,400,MEDIUM
KOU-002-014,KOU-002,Koukaki Central,RESIDENTIAL,https://spitogatos.gr/property/kou-002-14,117,A+,513864,4392.0,7.65,STRONG_BUY,HOLD_APPRECIATE,488170,0.28,6.5,5.5,250,HIGH
SYN-002-019,SYN-002,Syntagma Square West,COMMERCIAL,https://spitogatos.gr/property/syn-002-19,132,C,1048872,7946.0,7.6,STRONG_BUY,ENERGY_RETROFIT,996428,0.43200000000000005,9.5,10.0,150,MEDIUM
PLA-002-019,PLA-002,Plaka North,HISTORIC,https://spitogatos.gr/property/pla-002-19,132,C,868032,6576.0,7.6,STRONG_BUY,ENERGY_RETROFIT,824630,0.44399999999999995,9.0,7.5,200,MEDIUM
MON-001-019,MON-001,Monastiraki Square,COMMERCIAL,https://spitogatos.gr/property/mon-001-19,132,C,813780,6165.0,7.6,STRONG_BUY,ENERGY_RETROFIT,773091,0.43200000000000005,8.5,9.0,200,MEDIUM
PSY-001-007,PSY-001,Psyrri Central,CULTURAL,https://spitogatos.gr/property/psy-001-7,96,A+,310272,3232.0,7.59,STRONG_BUY,GENTRIFICATION_PLAY,294758,0.316,6.5,7.0,200,HIGH
EXA-001-007,EXA-001,Exarchia Central,CULTURAL,https://spitogatos.gr/property/exa-001-7,96,A+,329664,3434.0,7.59,STRONG_BUY,GENTRIFICATION_PLAY,313180,0.29600000000000004,5.5,6.5,400,HIGH
SYN-001-013,SYN-001,Syntagma Square East,HISTORIC,https://spitogatos.gr/property/syn-001-13,114,D,881790,7735.0,7.55,STRONG_BUY,ENERGY_RETROFIT,837700,0.44399999999999995,10.0,9.5,150,MEDIUM
PLA-001-013,PLA-001,Plaka Central,HISTORIC,https://spitogatos.gr/property/pla-001-13,114,D,705432,6188.0,7.55,STRONG_BUY,ENERGY_RETROFIT,670160,0.44399999999999995,10.0,8.0,200,MEDIUM
KOL-001-016,KOL-001,Kolonaki Central,RESIDENTIAL,https://spitogatos.gr/property/kol-001-16,123,B+,1133568,9216.0,7.55,STRONG_BUY,HOLD_APPRECIATE,1076889,0.24,4.0,8.5,150,MEDIUM
PLA-002-012,PLA-002,Plaka North,HISTORIC,https://spitogatos.gr/property/pla-002-12,111,C,618048,5568.0,7.5,STRONG_BUY,ENERGY_RETROFIT,587145,0.44399999999999995,9.0,7.5,200,MEDIUM
MON-001-012,MON-001,Monastiraki Square,COMMERCIAL,https://spitogatos.gr/property/mon-001-12,111,C,579420,5220.0,7.499999999999999,CONDITIONAL_BUY,ENERGY_RETROFIT,521478,0.43200000000000005,8.5,9.0,200,MEDIUM
SYN-002-012,SYN-002,Syntagma Square West,COMMERCIAL,https://spitogatos.gr/property/syn-002-12,111,C,746808,6728.0,7.499999999999999,CONDITIONAL_BUY,ENERGY_RETROFIT,672127,0.43200000000000005,9.5,10.0,150,MEDIUM
PSY-001-008,PSY-001,Psyrri Central,CULTURAL,https://spitogatos.gr/property/psy-001-8,99,A,329472,3328.0,7.485000000000001,CONDITIONAL_BUY,GENTRIFICATION_PLAY,296524,0.306,6.5,7.0,200,HIGH
EXA-001-008,EXA-001,Exarchia Central,CULTURAL,https://spitogatos.gr/property/exa-001-8,99,A,350064,3536.0,7.485000000000001,CONDITIONAL_BUY,GENTRIFICATION_PLAY,315057,0.28600000000000003,5.5,6.5,400,HIGH
KOU-001-003,KOU-001,Koukaki North,RESIDENTIAL,https://spitogatos.gr/property/kou-001-3,84,B,284088,3382.0,7.46,CONDITIONAL_BUY,HOLD_APPRECIATE,255679,0.254,7.0,6.0,250,HIGH
KOU-002-003,KOU-002,Koukaki Central,RESIDENTIAL,https://spitogatos.gr/property/kou-002-3,84,B,269136,3204.0,7.46,CONDITIONAL_BUY,HOLD_APPRECIATE,242222,0.254,6.5,5.5,250,HIGH
KOL-002-003,KOL-002,Kolonaki East,RESIDENTIAL,https://spitogatos.gr/property/kol-002-3,84,B,508368,6052.0,7.46,CONDITIONAL_BUY,HOLD_APPRECIATE,457531,0.23399999999999999,3.5,7.5,400,MEDIUM
KOL-001-009,KOL-001,Kolonaki Central,RESIDENTIAL,https://spitogatos.gr/property/kol-001-9,102,B+,785808,7704.0,7.45,CONDITIONAL_BUY,HOLD_APPRECIATE,707227,0.24,4.0,8.5,150,MEDIUM
PLA-002-006,PLA-002,Plaka North,HISTORIC,https://spitogatos.gr/property/pla-002-6,93,D,437472,4704.0,7.445,CONDITIONAL_BUY,ENERGY_RETROFIT,393724,0.44399999999999995,9.0,7.5,200,MEDIUM
SYN-002-006,SYN-002,Syntagma Square West,COMMERCIAL,https://spitogatos.gr/property/syn-002-6,93,D,528612,5684.0,7.444999999999999,CONDITIONAL_BUY,ENERGY_RETROFIT,475750,0.43200000000000005,9.5,10.0,150,MEDIUM
MON-001-006,MON-001,Monastiraki Square,COMMERCIAL,https://spitogatos.gr/property/mon-001-6,93,D,410130,4410.0,7.444999999999999,CONDITIONAL_BUY,ENERGY_RETROFIT,369117,0.43200000000000005,8.5,9.0,200,MEDIUM
KOU-002-015,KOU-002,Koukaki Central,RESIDENTIAL,https://spitogatos.gr/property/kou-002-15,120,A,540000,4500.0,7.4,CONDITIONAL_BUY,HOLD_APPRECIATE,486000,0.27,6.5,5.5,250,HIGH
KOL-002-015,KOL-002,Kolonaki East,RESIDENTIAL,https://spitogatos.gr/property/kol-002-15,120,A,1020000,8500.0,7.4,CONDITIONAL_BUY,HOLD_APPRECIATE,918000,0.25,3.5,7.5,400,MEDIUM
KOU-001-015,KOU-001,Koukaki North,RESIDENTIAL,https://spitogatos.gr/property/kou-001-15,120,A,570000,4750.0,7.4,CONDITIONAL_BUY,HOLD_APPRECIATE,513000,0.27,7.0,6.0,250,HIGH
EXA-001-014,EXA-001,Exarchia Central,CULTURAL,https://spitogatos.gr/property/exa-001-14,117,A+,485316,4148.0,7.35,CONDITIONAL_BUY,GENTRIFICATION_PLAY,436784,0.29600000000000004,5.5,6.5,400,HIGH
PSY-001-014,PSY-001,Psyrri Central,CULTURAL,https://spitogatos.gr/property/psy-001-14,117,A+,456768,3904.0,7.35,CONDITIONAL_BUY,GENTRIFICATION_PLAY,411091,0.316,6.5,7.0,200,HIGH
KOL-001-017,KOL-001,Kolonaki Central,RESIDENTIAL,https://spitogatos.gr/property/kol-001-17,126,B,1188432,9432.0,7.3,CONDITIONAL_BUY,HOLD_APPRECIATE,1069588,0.23399999999999999,4.0,8.5,150,MEDIUM
KOL-001-004,KOL-001,Kolonaki Central,RESIDENTIAL,https://spitogatos.gr/property/kol-001-4,87,C+,576288,6624.0,7.255,CONDITIONAL_BUY,HOLD_APPRECIATE,518659,0.22999999999999998,4.0,8.5,150,MEDIUM
PLA-002-013,PLA-002,Plaka North,HISTORIC,https://spitogatos.gr/property/pla-002-13,114,D,651168,5712.0,7.25,CONDITIONAL_BUY,ENERGY_RETROFIT,586051,0.44399999999999995,9.0,7.5,200,MEDIUM
KOU-001-016,KOU-001,Koukaki North,RESIDENTIAL,https://spitogatos.gr/property/kou-001-16,123,B+,598272,4864.0,7.25,CONDITIONAL_BUY,HOLD_APPRECIATE,538444,0.26,7.0,6.0,250,HIGH
KOU-002-016,KOU-002,Koukaki Central,RESIDENTIAL,https://spitogatos.gr/property/kou-002-16,123,B+,566784,4608.0,7.25,CONDITIONAL_BUY,HOLD_APPRECIATE,510105,0.26,6.5,5.5,250,HIGH
KOL-002-016,KOL-002,Kolonaki East,RESIDENTIAL,https://spitogatos.gr/property/kol-002-16,123,B+,1070592,8704.0,7.25,CONDITIONAL_BUY,HOLD_APPRECIATE,963532,0.24,3.5,7.5,400,MEDIUM
SYN-002-013,SYN-002,Syntagma Square West,COMMERCIAL,https://spitogatos.gr/property/syn-002-13,114,D,786828,6902.0,7.249999999999999,CONDITIONAL_BUY,ENERGY_RETROFIT,708145,0.43200000000000005,9.5,10.0,150,MEDIUM
MON-001-013,MON-001,Monastiraki Square,COMMERCIAL,https://spitogatos.gr/property/mon-001-13,114,D,610470,5355.0,7.249999999999999,CONDITIONAL_BUY,ENERGY_RETROFIT,549423,0.43200000000000005,8.5,9.0,200,MEDIUM
KOL-001-010,KOL-001,Kolonaki Central,RESIDENTIAL,https://spitogatos.gr/property/kol-001-10,105,B,831600,7920.0,7.2,CONDITIONAL_BUY,HOLD_APPRECIATE,748440,0.23399999999999999,4.0,8.5,150,MEDIUM
EXA-001-003,EXA-001,Exarchia Central,CULTURAL,https://spitogatos.gr/property/exa-001-3,84,B,254184,3026.0,7.16,CONDITIONAL_BUY,GENTRIFICATION_PLAY,228765,0.27,5.5,6.5,400,HIGH
PSY-001-003,PSY-001,Psyrri Central,CULTURAL,https://spitogatos.gr/property/psy-001-3,84,B,239232,2848.0,7.16,CONDITIONAL_BUY,GENTRIFICATION_PLAY,215308,0.29000000000000004,6.5,7.0,200,HIGH
KOU-001-009,KOU-001,Koukaki North,RESIDENTIAL,https://spitogatos.gr/property/kou-001-9,102,B+,414732,4066.0,7.15,CONDITIONAL_BUY,HOLD_APPRECIATE,373258,0.26,7.0,6.0,250,HIGH
KOU-002-009,KOU-002,Koukaki Central,RESIDENTIAL,https://spitogatos.gr/property/kou-002-9,102,B+,392904,3852.0,7.15,CONDITIONAL_BUY,HOLD_APPRECIATE,353613,0.26,6.5,5.5,250,HIGH
KOL-002-009,KOL-002,Kolonaki East,RESIDENTIAL,https://spitogatos.gr/property/kol-002-9,102,B+,742152,7276.0,7.15,CONDITIONAL_BUY,HOLD_APPRECIATE,667936,0.24,3.5,7.5,400,MEDIUM
PSY-001-015,PSY-001,Psyrri Central,CULTURAL,https://spitogatos.gr/property/psy-001-15,120,A,480000,4000.0,7.1,CONDITIONAL_BUY,GENTRIFICATION_PLAY,432000,0.306,6.5,7.0,200,HIGH
EXA-001-015,EXA-001,Exarchia Central,CULTURAL,https://spitogatos.gr/property/exa-001-15,120,A,510000,4250.0,7.1,CONDITIONAL_BUY,GENTRIFICATION_PLAY,459000,0.28600000000000003,5.5,6.5,400,HIGH
KOL-001-005,KOL-001,Kolonaki Central,RESIDENTIAL,https://spitogatos.gr/property/kol-001-5,90,C,615600,6840.0,7.05,CONDITIONAL_BUY,ENERGY_RETROFIT,554040,0.38,4.0,8.5,150,MEDIUM
KOL-001-018,KOL-001,Kolonaki Central,RESIDENTIAL,https://spitogatos.gr/property/kol-001-18,129,C+,1244592,9648.0,7.05,CONDITIONAL_BUY,HOLD_APPRECIATE,1120132,0.22999999999999998,4.0,8.5,150,MEDIUM
KOU-001-017,KOU-001,Koukaki North,RESIDENTIAL,https://spitogatos.gr/property/kou-001-17,126,B,627228,4978.0,7.0,CONDITIONAL_BUY,HOLD_APPRECIATE,564505,0.254,7.0,6.0,250,MEDIUM
KOU-002-017,KOU-002,Koukaki Central,RESIDENTIAL,https://spitogatos.gr/property/kou-002-17,126,B,594216,4716.0,7.0,CONDITIONAL_BUY,HOLD_APPRECIATE,534794,0.254,6.5,5.5,250,MEDIUM
KOL-002-017,KOL-002,Kolonaki East,RESIDENTIAL,https://spitogatos.gr/property/kol-002-17,126,B,1122408,8908.0,7.0,CONDITIONAL_BUY,HOLD_APPRECIATE,1010167,0.23399999999999999,3.5,7.5,400,MEDIUM
KOU-002-004,KOU-002,Koukaki Central,RESIDENTIAL,https://spitogatos.gr/property/kou-002-4,87,C+,288144,3312.0,6.955,CONDITIONAL_BUY,HOLD_APPRECIATE,259329,0.25,6.5,5.5,250,HIGH
KOL-002-004,KOL-002,Kolonaki East,RESIDENTIAL,https://spitogatos.gr/property/kol-002-4,87,C+,544272,6256.0,6.955,CONDITIONAL_BUY,HOLD_APPRECIATE,489844,0.22999999999999998,3.5,7.5,400,MEDIUM
KOU-001-004,KOU-001,Koukaki North,RESIDENTIAL,https://spitogatos.gr/property/kou-001-4,87,C+,304152,3496.0,6.955,CONDITIONAL_BUY,HOLD_APPRECIATE,273736,0.25,7.0,6.0,250,HIGH
KOL-001-011,KOL-001,Kolonaki Central,RESIDENTIAL,https://spitogatos.gr/property/kol-001-11,108,C+,878687,8135.990740740741,6.95,CONDITIONAL_BUY,HOLD_APPRECIATE,790818,0.22999999999999998,4.0,8.5,150,MEDIUM
PSY-001-016,PSY-001,Psyrri Central,CULTURAL,https://spitogatos.gr/property/psy-001-16,123,B+,503808,4096.0,6.95,CONDITIONAL_BUY,GENTRIFICATION_PLAY,453427,0.29600000000000004,6.5,7.0,200,HIGH
EXA-001-016,EXA-001,Exarchia Central,CULTURAL,https://spitogatos.gr/property/exa-001-16,123,B+,535296,4352.0,6.95,CONDITIONAL_BUY,GENTRIFICATION_PLAY,481766,0.276,5.5,6.5,400,HIGH
KOU-002-010,KOU-002,Koukaki Central,RESIDENTIAL,https://spitogatos.gr/property/kou-002-10,105,B,415800,3960.0,6.9,CONDITIONAL_BUY,HOLD_APPRECIATE,374220,0.254,6.5,5.5,250,MEDIUM
KOL-002-010,KOL-002,Kolonaki East,RESIDENTIAL,https://spitogatos.gr/property/kol-002-10,105,B,785400,7480.0,6.9,CONDITIONAL_BUY,HOLD_APPRECIATE,706860,0.23399999999999999,3.5,7.5,400,MEDIUM
KOU-001-010,KOU-001,Koukaki North,RESIDENTIAL,https://spitogatos.gr/property/kou-001-10,105,B,438900,4180.0,6.9,CONDITIONAL_BUY,HOLD_APPRECIATE,395010,0.254,7.0,6.0,250,MEDIUM
PSY-001-009,PSY-001,Psyrri Central,CULTURAL,https://spitogatos.gr/property/psy-001-9,102,B+,349248,3424.0,6.85,CONDITIONAL_BUY,GENTRIFICATION_PLAY,314323,0.29600000000000004,6.5,7.0,200,HIGH
EXA-001-009,EXA-001,Exarchia Central,CULTURAL,https://spitogatos.gr/property/exa-001-9,102,B+,371076,3638.0,6.85,CONDITIONAL_BUY,GENTRIFICATION_PLAY,333968,0.276,5.5,6.5,400,HIGH
KOL-001-019,KOL-001,Kolonaki Central,RESIDENTIAL,https://spitogatos.gr/property/kol-001-19,132,C,1302048,9864.0,6.8,CONDITIONAL_BUY,HOLD_APPRECIATE,1171843,0.38,4.0,8.5,150,MEDIUM
KOU-002-005,KOU-002,Koukaki Central,RESIDENTIAL,https://spitogatos.gr/property/kou-002-5,90,C,307800,3420.0,6.75,CONDITIONAL_BUY,HOLD_APPRECIATE,277020,0.4,6.5,5.5,250,HIGH
KOU-002-018,KOU-002,Koukaki Central,RESIDENTIAL,https://spitogatos.gr/property/kou-002-18,129,C+,622296,4824.0,6.75,CONDITIONAL_BUY,HOLD_APPRECIATE,560066,0.25,6.5,5.5,250,MEDIUM
KOL-002-018,KOL-002,Kolonaki East,RESIDENTIAL,https://spitogatos.gr/property/kol-002-18,129,C+,1175448,9112.0,6.75,CONDITIONAL_BUY,HOLD_APPRECIATE,1057903,0.22999999999999998,3.5,7.5,400,MEDIUM
KOU-001-018,KOU-001,Koukaki North,RESIDENTIAL,https://spitogatos.gr/property/kou-001-18,129,C+,656868,5092.0,6.75,CONDITIONAL_BUY,HOLD_APPRECIATE,591181,0.25,7.0,6.0,250,MEDIUM
KOU-001-005,KOU-001,Koukaki North,RESIDENTIAL,https://spitogatos.gr/property/kou-001-5,90,C,324900,3610.0,6.75,CONDITIONAL_BUY,HOLD_APPRECIATE,292410,0.4,7.0,6.0,250,HIGH
KOL-002-005,KOL-002,Kolonaki East,RESIDENTIAL,https://spitogatos.gr/property/kol-002-5,90,C,581400,6460.0,6.75,CONDITIONAL_BUY,HOLD_APPRECIATE,523260,0.38,3.5,7.5,400,MEDIUM
PSY-001-017,PSY-001,Psyrri Central,CULTURAL,https://spitogatos.gr/property/psy-001-17,126,B,528192,4192.0,6.7,CONDITIONAL_BUY,GENTRIFICATION_PLAY,475372,0.29000000000000004,6.5,7.0,200,HIGH
EXA-001-017,EXA-001,Exarchia Central,CULTURAL,https://spitogatos.gr/property/exa-001-17,126,B,561204,4454.0,6.7,CONDITIONAL_BUY,GENTRIFICATION_PLAY,505083,0.27,5.5,6.5,400,HIGH
KOL-001-012,KOL-001,Kolonaki Central,RESIDENTIAL,https://spitogatos.gr/property/kol-001-12,111,C,927072,8352.0,6.7,CONDITIONAL_BUY,HOLD_APPRECIATE,834364,0.38,4.0,8.5,150,MEDIUM
PSY-001-004,PSY-001,Psyrri Central,CULTURAL,https://spitogatos.gr/property/psy-001-4,87,C+,256128,2944.0,6.655,CONDITIONAL_BUY,GENTRIFICATION_PLAY,230515,0.28600000000000003,6.5,7.0,200,HIGH
EXA-001-004,EXA-001,Exarchia Central,CULTURAL,https://spitogatos.gr/property/exa-001-4,87,C+,272136,3128.0,6.655,CONDITIONAL_BUY,GENTRIFICATION_PLAY,244922,0.266,5.5,6.5,400,HIGH
KOU-001-011,KOU-001,Koukaki North,RESIDENTIAL,https://spitogatos.gr/property/kou-001-11,108,C+,463751,4293.990740740741,6.65,CONDITIONAL_BUY,HOLD_APPRECIATE,417375,0.25,7.0,6.0,250,MEDIUM
KOU-002-011,KOU-002,Koukaki Central,RESIDENTIAL,https://spitogatos.gr/property/kou-002-11,108,C+,439343,4067.990740740741,6.65,CONDITIONAL_BUY,HOLD_APPRECIATE,395408,0.25,6.5,5.5,250,MEDIUM
KOL-002-011,KOL-002,Kolonaki East,RESIDENTIAL,https://spitogatos.gr/property/kol-002-11,108,C+,829871,7683.990740740741,6.65,CONDITIONAL_BUY,HOLD_APPRECIATE,746883,0.22999999999999998,3.5,7.5,400,MEDIUM
KOL-001-006,KOL-001,Kolonaki Central,RESIDENTIAL,https://spitogatos.gr/property/kol-001-6,93,D,656208,7056.0,6.6450000000000005,CONDITIONAL_BUY,HOLD_APPRECIATE,590587,0.38,4.0,8.5,150,MEDIUM
PSY-001-010,PSY-001,Psyrri Central,CULTURAL,https://spitogatos.gr/property/psy-001-10,105,B,369600,3520.0,6.6,CONDITIONAL_BUY,GENTRIFICATION_PLAY,332640,0.29000000000000004,6.5,7.0,200,HIGH
EXA-001-010,EXA-001,Exarchia Central,CULTURAL,https://spitogatos.gr/property/exa-001-10,105,B,392700,3740.0,6.6,CONDITIONAL_BUY,GENTRIFICATION_PLAY,353430,0.27,5.5,6.5,400,HIGH
KOL-002-019,KOL-002,Kolonaki East,RESIDENTIAL,https://spitogatos.gr/property/kol-002-19,132,C,1229712,9316.0,6.5,CONDITIONAL_BUY,HOLD_APPRECIATE,1106740,0.38,3.5,7.5,400,MEDIUM
KOU-001-019,KOU-001,Koukaki North,RESIDENTIAL,https://spitogatos.gr/property/kou-001-19,132,C,687192,5206.0,6.5,CONDITIONAL_BUY,HOLD_APPRECIATE,618472,0.4,7.0,6.0,250,MEDIUM
KOU-002-019,KOU-002,Koukaki Central,RESIDENTIAL,https://spitogatos.gr/property/kou-002-19,132,C,651024,4932.0,6.5,CONDITIONAL_BUY,HOLD_APPRECIATE,585921,0.4,6.5,5.5,250,MEDIUM
PSY-001-005,PSY-001,Psyrri Central,CULTURAL,https://spitogatos.gr/property/psy-001-5,90,C,273600,3040.0,6.45,CONDITIONAL_BUY,HOLD_APPRECIATE,246240,0.43600000000000005,6.5,7.0,200,HIGH
PSY-001-018,PSY-001,Psyrri Central,CULTURAL,https://spitogatos.gr/property/psy-001-18,129,C+,553152,4288.0,6.45,CONDITIONAL_BUY,HOLD_APPRECIATE,497836,0.28600000000000003,6.5,7.0,200,HIGH
EXA-001-005,EXA-001,Exarchia Central,CULTURAL,https://spitogatos.gr/property/exa-001-5,90,C,290700,3230.0,6.45,CONDITIONAL_BUY,HOLD_APPRECIATE,261630,0.41600000000000004,5.5,6.5,400,HIGH
EXA-001-018,EXA-001,Exarchia Central,CULTURAL,https://spitogatos.gr/property/exa-001-18,129,C+,587724,4556.0,6.45,CONDITIONAL_BUY,HOLD_APPRECIATE,528951,0.266,5.5,6.5,400,HIGH
KOL-001-013,KOL-001,Kolonaki Central,RESIDENTIAL,https://spitogatos.gr/property/kol-001-13,114,D,976752,8568.0,6.45,CONDITIONAL_BUY,HOLD_APPRECIATE,879076,0.38,4.0,8.5,150,MEDIUM
KOU-001-012,KOU-001,Koukaki North,RESIDENTIAL,https://spitogatos.gr/property/kou-001-12,111,C,489288,4408.0,6.4,CONDITIONAL_BUY,HOLD_APPRECIATE,440359,0.4,7.0,6.0,250,MEDIUM
KOU-002-012,KOU-002,Koukaki Central,RESIDENTIAL,https://spitogatos.gr/property/kou-002-12,111,C,463536,4176.0,6.4,CONDITIONAL_BUY,HOLD_APPRECIATE,417182,0.4,6.5,5.5,250,MEDIUM
KOL-002-012,KOL-002,Kolonaki East,RESIDENTIAL,https://spitogatos.gr/property/kol-002-12,111,C,875568,7888.0,6.4,CONDITIONAL_BUY,HOLD_APPRECIATE,788011,0.38,3.5,7.5,400,MEDIUM
PSY-001-011,PSY-001,Psyrri Central,CULTURAL,https://spitogatos.gr/property/psy-001-11,108,C+,390527,3615.990740740741,6.35,CONDITIONAL_BUY,HOLD_APPRECIATE,351474,0.28600000000000003,6.5,7.0,200,HIGH
EXA-001-011,EXA-001,Exarchia Central,CULTURAL,https://spitogatos.gr/property/exa-001-11,108,C+,414935,3841.990740740741,6.35,CONDITIONAL_BUY,HOLD_APPRECIATE,373441,0.266,5.5,6.5,400,HIGH
KOL-002-006,KOL-002,Kolonaki East,RESIDENTIAL,https://spitogatos.gr/property/kol-002-6,93,D,619752,6664.0,6.345000000000001,CONDITIONAL_BUY,HOLD_APPRECIATE,557776,0.38,3.5,7.5,400,MEDIUM
KOU-002-006,KOU-002,Koukaki Central,RESIDENTIAL,https://spitogatos.gr/property/kou-002-6,93,D,328104,3528.0,6.345000000000001,CONDITIONAL_BUY,HOLD_APPRECIATE,295293,0.4,6.5,5.5,250,HIGH
KOU-001-006,KOU-001,Koukaki North,RESIDENTIAL,https://spitogatos.gr/property/kou-001-6,93,D,346332,3724.0,6.345000000000001,CONDITIONAL_BUY,HOLD_APPRECIATE,311698,0.4,7.0,6.0,250,HIGH
PSY-001-019,PSY-001,Psyrri Central,CULTURAL,https://spitogatos.gr/property/psy-001-19,132,C,578688,4384.0,6.2,CONDITIONAL_BUY,HOLD_APPRECIATE,520819,0.43600000000000005,6.5,7.0,200,HIGH
EXA-001-019,EXA-001,Exarchia Central,CULTURAL,https://spitogatos.gr/property/exa-001-19,132,C,614856,4658.0,6.2,CONDITIONAL_BUY,HOLD_APPRECIATE,553370,0.41600000000000004,5.5,6.5,400,HIGH
KOU-001-013,KOU-001,Koukaki North,RESIDENTIAL,https://spitogatos.gr/property/kou-001-13,114,D,515508,4522.0,6.15,CONDITIONAL_BUY,HOLD_APPRECIATE,463957,0.4,7.0,6.0,250,HIGH
KOU-002-013,KOU-002,Koukaki Central,RESIDENTIAL,https://spitogatos.gr/property/kou-002-13,114,D,488376,4284.0,6.15,CONDITIONAL_BUY,HOLD_APPRECIATE,439538,0.4,6.5,5.5,250,HIGH
KOL-002-013,KOL-002,Kolonaki East,RESIDENTIAL,https://spitogatos.gr/property/kol-002-13,114,D,922488,8092.0,6.15,CONDITIONAL_BUY,HOLD_APPRECIATE,830239,0.38,3.5,7.5,400,MEDIUM
PSY-001-012,PSY-001,Psyrri Central,CULTURAL,https://spitogatos.gr/property/psy-001-12,111,C,412032,3712.0,6.1,CONDITIONAL_BUY,HOLD_APPRECIATE,370828,0.43600000000000005,6.5,7.0,200,HIGH
EXA-001-012,EXA-001,Exarchia Central,CULTURAL,https://spitogatos.gr/property/exa-001-12,111,C,437784,3944.0,6.1,CONDITIONAL_BUY,HOLD_APPRECIATE,394005,0.41600000000000004,5.5,6.5,400,HIGH
PSY-001-006,PSY-001,Psyrri Central,CULTURAL,https://spitogatos.gr/property/psy-001-6,93,D,291648,3136.0,6.045,CONDITIONAL_BUY,HOLD_APPRECIATE,262483,0.43600000000000005,6.5,7.0,200,HIGH
EXA-001-006,EXA-001,Exarchia Central,CULTURAL,https://spitogatos.gr/property/exa-001-6,93,D,309876,3332.0,6.045,CONDITIONAL_BUY,HOLD_APPRECIATE,278888,0.41600000000000004,5.5,6.5,400,HIGH
PSY-001-013,PSY-001,Psyrri Central,CULTURAL,https://spitogatos.gr/property/psy-001-13,114,D,434112,3808.0,5.85,HOLD,HOLD_APPRECIATE,368995,0.43600000000000005,6.5,7.0,200,HIGH
EXA-001-013,EXA-001,Exarchia Central,CULTURAL,https://spitogatos.gr/property/exa-001-13,114,D,461244,4046.0,5.85,HOLD,HOLD_APPRECIATE,392057,0.41600000000000004,5.5,6.5,400,HIGH
